ID,TRANSCRIPT
8254-115543-0001,S BCH THESSTSP TOCH
8254-115543-0006,CH P
8254-115543-0045,FDS P
8254-115543-0025,THEDS TOSD ANDCHSPPD
8254-115543-0021,CHPSCHS THECH TOCHS SSSSCHS F
8254-115543-0040,S F
8254-115543-0003,SSCHSPT TO
8254-115543-0029,SSS HESCH SSPSS
8254-115543-0012,THE S TCH S S
8254-115543-0007,CHST THE
8254-115543-0015,AND TO THE BTS
8254-115543-0023,SS SPCH SSCH FCHS THES TOSPS T
8254-115543-0026,SCHT
8254-115543-0031,SP TOS TOT THET
8254-115543-0037,S
8254-115543-0033,SS
8254-115543-0004,D TOPT SCHCHCHP
8254-115543-0030,SSTS F THES
8254-115543-0002,THEPSCH TO S SS SPDS THE TOCHS TO
8254-115543-0019,THE SPSSP FT
8254-115543-0017,S BS ANDSCH S
8254-115543-0041,S TOSCHS TOCH
8254-115543-0038,ANDS THES THES
8254-115543-0036,S S SSPS S TOS TS THECHP TO THES
8254-115543-0028,CH TO TO BS ANDSS SSSS
8254-115543-0009,ANDSSSS SSTSTS
8254-115543-0042,THES SCH THE S
8254-115543-0034,BSS FTCH SS
8254-115543-0024,S SSCHS
8254-115543-0010,L BS F TO SST
8254-115543-0035,ANDPS S SCHT TOSPS THECHS THET S FST
8254-115543-0008,SSD THESSP S TO F S THECHSP BPS ANDCH TODCH
8254-115543-0014,FT P TO S SP TO S BTCH
8254-115543-0016,S THE FS AND PS SPCHSSCH
8254-115543-0005,S THEP SS SSP SS
8254-115543-0000,THESS TOSCHSP
8254-115543-0039,WPPCHCH TOS TO
8254-115543-0032,SSS BCH FCH T TOT TO TOS
8254-115543-0022,SS THESD TO S S F
8254-115543-0013,CHT SSST
8254-115543-0018,S THE TOSSCH
8254-115543-0043,CH FCH THE
8254-115543-0044,S FSTS
8254-115543-0027,SS TEDCHSS
8254-115543-0011,F SCHS SSS THEPS THE SCHP F
8254-115543-0020,SPD SR TOSSCHD
8254-84205-0006,PS ST
8254-84205-0060,CHS THESSSS
8254-84205-0004,S THE F TOT TO
8254-84205-0058,SSCHS
8254-84205-0036,ST FS F
8254-84205-0066,TO TOCHSS SHESTIONS
8254-84205-0073,SS SS
8254-84205-0030,S SCH
8254-84205-0045,SSA SCH THES TO ANDTCH TSCHS SCHSS
8254-84205-0024,CHT TO
8254-84205-0023,CHS
8254-84205-0028,CHS
8254-84205-0012,S TO S TO
8254-84205-0070,THES S THES SS
8254-84205-0014,STT
8254-84205-0057,SS SS S S
8254-84205-0032,THECHSCH
8254-84205-0039,SSS
8254-84205-0002,CH PCH
8254-84205-0049,SSS
8254-84205-0027,SHESCHS
8254-84205-0076,S FSS S SSS
8254-84205-0035,S
8254-84205-0018,FTS
8254-84205-0067,ANDS STS
8254-84205-0042,
8254-84205-0008,CHEDS THECH
8254-84205-0034,SCH
8254-84205-0025,ANDSS ANDCHS
8254-84205-0053,S
8254-84205-0075,FS
8254-84205-0041,SCHSS
8254-84205-0055,ANDSTSSSS
8254-84205-0069,CHS TOSS
8254-84205-0022,S ST
8254-84205-0003,SSSSS TOCHSS THE THESF
8254-84205-0044,CH SHECHCH
8254-84205-0054,CHSSSSCHS SF
8254-84205-0009,S S TO
8254-84205-0068,S THE S
8254-84205-0064,SCH
8254-84205-0031,CHT
8254-84205-0052,SSS
8254-84205-0007,SS ANDSCH
8254-84205-0050,S TOS
8254-84205-0001,CH SCHSSSSPSCHCHSS
8254-84205-0029,SHE B FS B THESCHS
8254-84205-0048,S TOSS SSSCHS
8254-84205-0043,CHT SCH
8254-84205-0021,S FCH
8254-84205-0061,ISSSSCHSF
8254-84205-0059,SS
8254-84205-0000,CHTSP
8254-84205-0074,SSST
8254-84205-0047,CHS S
8254-84205-0013,
8254-84205-0056,CHSS F S
8254-84205-0016,S TO
8254-84205-0005,SS TOPS F TO
8254-84205-0011,SHECH S FCHSTS
8254-84205-0063,FS SSCHCH F
8254-84205-0065,PS S
8254-84205-0017,CHST SHES
8254-84205-0051,SSSS T
8254-84205-0046,ST
8254-84205-0071,S TOSSCH TOS
8254-84205-0010,S
8254-84205-0026,SS
8254-84205-0037,SSSTS
8254-84205-0062,SS
8254-84205-0040,SHES THES
8254-84205-0015,S
8254-84205-0072,SS TOSSS
8254-84205-0033,THESS FS
8254-84205-0038,S F TO THEDS B TOCHS
8254-84205-0019,FSPS TO
8254-84205-0020,TOSS
7105-2340-0024,SSS SSPS THE F TO S S SS FSS
7105-2340-0025,SPS P SRAS
7105-2340-0033,S TO THE SSSS THEING SSS
7105-2340-0014,SSSSS
7105-2340-0002,SS S HE S SPST THES BS
7105-2340-0011,THE T SSYPST S
7105-2340-0000,T THE PSSSSP SPS TO SS
7105-2340-0007,SS SS THESSPS THEPSPSSSINGSS S
7105-2340-0003,SST TOSSCH ST TO TOCHSSTCSTSDT
7105-2340-0017,S SCHS
7105-2340-0020,PSED TOSPSP TOSS SSSS
7105-2340-0010,SPSSS THEPSSD THECHS
7105-2340-0004,THE SP S PS S SS TSCH ANDSPFSPS
7105-2340-0009,AND FYPS
7105-2340-0026,S THETSS TO TOS SS TOPSSS SSSCH
7105-2340-0012,THE TOS SSPSS
7105-2340-0029,S THEPSPT TO
7105-2340-0031,SSSSP TCH SD THE TSSCH SSD TOSS
7105-2340-0034,SSS TOS TOPSS
7105-2340-0032,THE SS THES TOSCH
7105-2340-0001,S S SSS THE SDS S THESSP S P TOSS TOS
7105-2340-0037,P THE SSSPT TO
7105-2340-0019,CHSSSS T
7105-2340-0028,SP SS THESCH TO TPSS S THEPS
7105-2340-0023,FSPSSCH SS
7105-2340-0008,SCHCHP THE SSINGTSSP SING THE TOS TOSSSCH S SSSSTSPINGSSSPS
7105-2340-0018,P SYD S THES
7105-2340-0006,S SPS
7105-2340-0030,THESSSS FSSS THECHCHDSS TOT FSS THE THE TO BED BCHS
7105-2340-0013,SSSS SSS F SSS TP FTPS
7105-2340-0027,STCHSS
7105-2340-0035,TOS TOSCHS THE
7105-2340-0021,S S PS THES B PS THESCHS
7105-2340-0036,SSPP PSSCH
7105-2340-0005,FD TOD PS SSPSTSSD THES SY TOS SS SSSING TOYTSITPS PS SPS SY TOS
7105-2340-0022,ST
7105-2340-0016,TOSSS
7105-2340-0015,CHS THEP TOT
7105-2330-0039,SDSSSSSEDPS TO TOS TO
7105-2330-0000,S S SS THEP THESS
7105-2330-0026,SSTPDSS
7105-2330-0002,CH SAPSPSY PPST SS TO THESS S SSSPYP
7105-2330-0003,SSSSSPP FTPSP SED SP THES SSS S SSPPS
7105-2330-0005,S SINGTSESSSCHST STS
7105-2330-0014,TOCHP SSSPS SDSPP S SS PF SS BS
7105-2330-0033,SS STION TO
7105-2330-0019,PSSS PS S THESPS BSPSSDS
7105-2330-0038,THE THEST TOS TOS SS TOS TO S THEPPSS TSSSD SS
7105-2330-0001,DPINGEDSPS F SPS SSPSCHS S SSSSTSS THESS THEP TOEDSSP
7105-2330-0023,S
7105-2330-0040,CHSSPS
7105-2330-0027,SSTS THE TO
7105-2330-0021,PSDS
7105-2330-0035,SP S SSS
7105-2330-0041,TSS TOPSS S BS SS FD THE S FTPSSSPSS
7105-2330-0031,THEDD
7105-2330-0029,PS THET
7105-2330-0006,S F FSTSSSPT FDTS
7105-2330-0007,S SS
7105-2330-0009,SS THEPSTSSSPINGSS
7105-2330-0024,TO SPINGS
7105-2330-0011,S SINGS F SS FDP
7105-2330-0008,CH F THES TO TO THE
7105-2330-0034,THES OFSSS SS
7105-2330-0025,SSSP ST S SSSSPP
7105-2330-0018,SSPPP TOPSP TO
7105-2330-0037,TS PSSSST
7105-2330-0022,S TOS
7105-2330-0030,P ST TOSSS
7105-2330-0010,SP S PSPD TO
7105-2330-0020,SS
7105-2330-0036,SSS SCHS
7105-2330-0012,SDPSSS S
7105-2330-0028,SSSPS SS
7105-2330-0017,ST
7105-2330-0013,SSYPSSP THESPSTS
7105-2330-0032,THE BTPS BS
7105-2330-0015,S SST TOS F
7105-2330-0016,SPY THES SSPPP SSCHSD THE HESPDPS
7105-2330-0004,PSCH THET SCH S TOP THES S THES S
422-122949-0031,S THE SPS TO THESPSSPPS
422-122949-0004,SSSSLSS TOS SS THE THETION
422-122949-0022,SSCHSMSSSCSSSSSS TOPSSSS TOTIONSCHSSS
422-122949-0003,S OFS THESSSL FSSPD TOSS TOTCHSS SSSS FSS SSPSCHSS THE SSTS TO
422-122949-0007,TOP TOSSS THE TO TOS SS TOSSS TOS THE THEDSSSL
422-122949-0008,SSS SCHS TOSSS THESSPED THE SP
422-122949-0010,THES SSD SCHSS THE THE BSSS SSCHP THES THESCHS TOSSSSP W SSCHS THE FS TO P TOT TO BS THESST TOSSS TO
422-122949-0002,STIONS THE SS
422-122949-0030,SSS THEP TOS
422-122949-0014,S THESP FSSSSYCH TO TOCH THESSSS TOCHS THESSSP BT THE TOCH S TOSSS THECHSSERS THEERSCHS TOSS TO S TOTION
422-122949-0006,S S TO THES SS PSSERTION TO TOS SS S TOSS B TODSSPST
422-122949-0034,SSS TOS SS S SSSS TODS PT THES THETSSSD S
422-122949-0013,THESCHS TSS SS SDP SSS TOL TOSSTDCHSTTPSS TTP THE THESS T SSSTION THE SITSSS THESS SHE FSS THET SS TOS THES THESSSSS TO
422-122949-0017,SS THEPDS
422-122949-0028,THE TOSPSS
422-122949-0020,TOS THETIONSS THE TO THECHSS SCHP B THE TO THE TOSTCHSS S TOCHPS TCHSS TOSS SSTION
422-122949-0021,THETION THE THES THEPL BSS S TOSS TOSS TOL TOSS TOSPS
422-122949-0029,S
422-122949-0023,SS STIONS THESSSTSSSS SS TO THEYTSS ANDCHTSS SPSS
422-122949-0005,DSSSS TOSS FS BPSCHSSSCHCH
422-122949-0009,T SS S TOTS BSSSCHSSS THEPSSSSRSSDS B THES TOLS TOSSCH SSSS SSL SST
422-122949-0015,SS TO THEL TOY S TOCH TOS TO THE F TO STION TO T TO OFSPSSP TOSSSSSCHS
422-122949-0027,S TOSS TOCHS TOSTION TOTCHSSRCHPSSSSPSSS TOSS TO
422-122949-0011,SS THESSS TOTSTSCHTPS THESSSSSSSPL THES THESTION TOSSLSSCHS THESCH TO OF TOCH
422-122949-0024,SSS THE TS TOTS TOS S THESSSTIONSSSS
422-122949-0001,THE THE SCHSSCHSPS TCHSPSM TOS SS THEPSSS
422-122949-0025,THE FS SPSSPSSSSSSSSSCHSSSPCHT SPSS THESS S
422-122949-0012,THESS TOSSPD TOSSSS TOSPSSSCHSSPS THE TOCHSS
422-122949-0000,CH THEPSPSSS SS SSS STSCHS TOSS THE SSSSP
422-122949-0032,THESS TOS TO ANDSSSSS TOT THE THET SSS SSTION THES TO
422-122949-0016,FSERS TOS FS TOERCH
422-122949-0035,TOCHSSPSCHSPSPS
422-122949-0019,THE SSS SEDSSPCHTSPSSSSP TOS THES THES THESSDS F SSCHTSISCHSS S
422-122949-0026,THES TO TOSTSSS OF TOS TOSSTION THESS TO FSCHSSSS TOSCHST THECHCH
422-122949-0033,TOSST THESS
422-122949-0018,CH TO TOCH TOS TO SCHD TO SS SS TOSEDS S
6599-38591-0005,F
6599-38591-0004,SSSSPP TOPS
6599-38591-0012,TO PCH
6599-38591-0000,P THE BSL THE TO FCH
6599-38591-0009,THE ANDCHS THE B
6599-38591-0010,ANDS THESS
6599-38591-0008,F T THE F
6599-38591-0003,
6599-38591-0006,THE TOS AND B T B TPPS T TOS
6599-38591-0011,S T TO S TO THES
6599-38591-0013,S THE TO TO F
6599-38591-0001,CHS THEL F T THE TOP THE THE
6599-38591-0007,THE THEL SHE
6599-38591-0002,SS TO TO TSSSS
6599-38590-0002,SHE BT ANDTPS TO
6599-38590-0003,S TOS T TO S TO AND
6599-38590-0007,CH
6599-38590-0006,
6599-38590-0005,F TOS
6599-38590-0001,S THETSS TCH THESCHS THE
6599-38590-0008,SLSSSL THE THEL TOSPLCH T TOPSS
6599-38590-0009,LPLSCH
6599-38590-0000,THE BS THE THE TO THESL
6599-38590-0004,P S
777-126732-0079,AND TOS ANDS TO TOSS TOS THE ANDS TOT BS
777-126732-0024,SST TOSS AND B SPT TOPSCH SS ANDSS THET THESSS
777-126732-0001,PSS
777-126732-0037,THE THE SLPPSSS SS THESSS
777-126732-0004,AND SSS TOSLTSSS
777-126732-0034,S TOSSCHS
777-126732-0069,S BSS ANDPSST
777-126732-0049,SST
777-126732-0018,PL BSLSCH
777-126732-0075,STSTS
777-126732-0042,S THE THESSSCHPT
777-126732-0033,BSS THES TOSSS
777-126732-0081,T
777-126732-0006,THES FSSS
777-126732-0002,THES THECH THE THES THET TO THE
777-126732-0066,THESSS FSLSTS THESS THES SSSS
777-126732-0053,SSS TO THE PSCH SS
777-126732-0023,THE FSSSSPSSSPSSS SCHSS
777-126732-0041,S SL TOP AND AND S THESTS SSSSSCH
777-126732-0031,THE SHETPSPS SSSS S TOSPS THEPSP
777-126732-0045,THECHS TOSSCHSS THEPRSSSSSS BPSSPS AND TO THES THE
777-126732-0035,THESCH S TOS SCHCHSSL THE
777-126732-0010,ANDTS FSSS
777-126732-0072,SST
777-126732-0036,THESS TOSS THE THESS THE THESPTT THET THE THESS
777-126732-0019,SSS ANDPBSSS B
777-126732-0039,TOSS THESS
777-126732-0022,THES FSSSSPCHT
777-126732-0007,S THE SSSSTTTSSSTD S BCH FS THE
777-126732-0025,S THESPS SDSSSCHS TOS
777-126732-0067,SSS SSTS SSS S
777-126732-0030,SCH THESS BLCH AND TOSSS TO B
777-126732-0071,SCHSS
777-126732-0065,SSPS TOSSS
777-126732-0051,S TOSSSSS
777-126732-0078,S
777-126732-0043,SSSRS
777-126732-0050,TOSPSS THECHSSSS
777-126732-0009,THELS TOS THESSTS S
777-126732-0011,THE THESSPSPLSS THESRS THE SSS
777-126732-0028,S SSS SCHS BTPS THESSSS TOS THEP THESPPS
777-126732-0008,SSDS TO TOLTS
777-126732-0062,B
777-126732-0013,THE PCH SSPP ANDSSS ANDSSPSP SSPSSSSTS S
777-126732-0054,SS TOTCH
777-126732-0038,THE THESS
777-126732-0068,THE BERCHSSST
777-126732-0047,THES BSSSS ANDSLP TO
777-126732-0021,THE THE FPS SS
777-126732-0055,SCHL THE S
777-126732-0046,ANDS THE
777-126732-0063,THESERCHTSSPSS THE TO THEPSPSERTTSDCHS TOTST AND FSS THE THES TO THED
777-126732-0064,THEP THESS TOS TOSSSERS THE
777-126732-0048,BS SSSPCH TOSS THES B
777-126732-0014,CHS THEY THESS AND THE F TO SS PS
777-126732-0003,CHS THESSSSSSSTS FTCHST
777-126732-0073,S THECHS THESS
777-126732-0027,THES S AND BS
777-126732-0005,SPSSS TS B THEP TO TOS THE PCH ANDS FS FS SP THE
777-126732-0080,S TOST
777-126732-0032,S BS THE THESSSSTTD
777-126732-0057,THESPT THE B THESLS AND TO TOSS THESSSCHORSSS
777-126732-0077,SS
777-126732-0000,SCHSP
777-126732-0070,SS SPPS SS AND TOP THE TO
777-126732-0061,SSS TOSTSSSST
777-126732-0074,SSSPSS
777-126732-0016,ANDSS THE TOSS THE SS TOS SHESS B TOLSCH TOSS TOERSCH
777-126732-0076,CH THE TOSSS THETPS
777-126732-0020,BSS
777-126732-0052,SP SSSPS THE SS
777-126732-0015,S THESTT TOER TO SLOR TOS FS THETSSS THES
777-126732-0059,SSS TOSS THE B AND THEERSSP
777-126732-0026,THESS
777-126732-0056,THEY TOCH BL THESL TOS BPS TOST TOSLS THE
777-126732-0060,THE THEPSDS THES SCH THESSSSS STION THESP
777-126732-0040,CHSTS
777-126732-0044,S SSSSSER
777-126732-0029,THESS THESCH
777-126732-0012,SCH THECHPS ANDS
777-126732-0058,THESTTSPST THESCHPS
777-126732-0017,SS AND TO
2277-149897-0029,S SS SSSS TO
2277-149897-0009,SCHSSS
2277-149897-0018,SSYSS BSSSSSP
2277-149897-0019,AND
2277-149897-0008,SS
2277-149897-0032,SSSS ANDEDPSSS THESS
2277-149897-0037,S SPS
2277-149897-0006,P
2277-149897-0028,STTSSPS
2277-149897-0034,SSSSSSSSS TOSS TOS THES
2277-149897-0027,S FSCH
2277-149897-0023,SS TO
2277-149897-0010,SS TOS THES
2277-149897-0030,S
2277-149897-0005,SSS THES THESS TOSSSSS AND S FT
2277-149897-0003,SDSPS
2277-149897-0002,SS
2277-149897-0000,S B TOSS THES
2277-149897-0013,TOSSST
2277-149897-0011,S FSCHSED
2277-149897-0031,TOSS BSS
2277-149897-0014,SSSS
2277-149897-0035,CHS THE FS
2277-149897-0033,SSPCHS
2277-149897-0004,SING B THECHS SSS
2277-149897-0015,SST
2277-149897-0022,BSS SSTSS
2277-149897-0012,SS
2277-149897-0017,TSSSSS TO SS
2277-149897-0025,SSSSSSP
2277-149897-0026,S AND THEPSSS BS SCHTT
2277-149897-0036,SSTSPS
2277-149897-0020,PSTS THES
2277-149897-0021,FCH
2277-149897-0016,SSSPSFT
2277-149897-0007,SS TOSDSSSSTD
2277-149897-0024,SSSS
2277-149897-0001,SS
2277-149874-0010,S THE ANDSSCHS THESS
2277-149874-0017,S THEPSP
2277-149874-0004,SSS
2277-149874-0016,PSSP SS
2277-149874-0003,SSS ANDPS SSSSS
2277-149874-0006,SSS
2277-149874-0009,SSCHSS
2277-149874-0000,SSSPSDLSSSPPSSS THESPSP PPS
2277-149874-0005,SSPSTION AND SS TOS
2277-149874-0019,SPPSS THES TOS THECH
2277-149874-0002,TO THESSSSSSTS THES
2277-149874-0011,TSS
2277-149874-0014,SS TOPS AND P TO BSCHS
2277-149874-0020,P TOS FSS SSS THEST
2277-149874-0007,S THE
2277-149874-0008,SPS TOSSPSP
2277-149874-0018,SS SSCHSSSCHPSS
2277-149874-0001,SSSS TOSS TOSS
2277-149874-0021,SSP THES
2277-149874-0013,SSS
2277-149874-0012,SS BSSPSS TO S
2277-149874-0015,SSSSS THECHPSS
2277-149896-0006,SSS TOSS S
2277-149896-0005,SSSSSSST
2277-149896-0007,S TOS TOSSS
2277-149896-0018,SSPSS ANDS TO
2277-149896-0028,SSS
2277-149896-0027,SSSSSSS
2277-149896-0031,
2277-149896-0001,THE SSCH SHE
2277-149896-0025,SSCHS F TO THES
2277-149896-0014,S TOSP
2277-149896-0013,SSSRS
2277-149896-0004,SP
2277-149896-0026,SS FS TOS FSS THE B
2277-149896-0021,S BPS
2277-149896-0011,SSS ANDSPSS
2277-149896-0032,SSSSSSSSSCHSSSSSSITS
2277-149896-0002,SSSCHCHS SCHS
2277-149896-0008,SSSSS TOSSSS SSS
2277-149896-0030,TOSPSSP THES
2277-149896-0012,SS
2277-149896-0029,S TOS
2277-149896-0022,SLSS S
2277-149896-0020,SSCHS TOSSSSS
2277-149896-0003,SSRSS
2277-149896-0016,SSLSTS
2277-149896-0015,TOSS THES
2277-149896-0024,SSSS
2277-149896-0023,SSSSS
2277-149896-0009,SS TO TOSSS
2277-149896-0017,SSS TOS THES
2277-149896-0019,CHSSP
2277-149896-0010,SLSS T BSPT TOS
2277-149896-0034,THESS THES
2277-149896-0000,SSS THESSSP THESSCH
2277-149896-0033,S
8297-275155-0027,S FT TOT
8297-275155-0017,P THETCH T T SS THEPLSSSPP
8297-275155-0000,THE BSP THE SS TOPCH F S SS THE THEC TOP TO
8297-275155-0001,THEP THECHD THEPCHTPTS
8297-275155-0025,P S SSS
8297-275155-0016,THE S TOSS TSSDS
8297-275155-0012,S S TS
8297-275155-0007,S SSCH
8297-275155-0026,S SCHCH TO
8297-275155-0022,TO THESS SR TOCHCHP
8297-275155-0014,THES P BCHPED SD SS TO TOS
8297-275155-0021,
8297-275155-0023,CHSSTT
8297-275155-0024,SS COS THE FSS F TO SPS
8297-275155-0003,FSSS
8297-275155-0015,S T THEDS S
8297-275155-0011,THESSSTP THESSS TOSP OFS S TOSSPS
8297-275155-0009,TS TO S THES
8297-275155-0018,TS TOSPDT TTIONSSSS THES
8297-275155-0029,SS TO THE THE PS S TOSSCHSPT TS S S F
8297-275155-0019,SS THEPTSP S THE COT
8297-275155-0004,SSSTION S TT THEPP S THEPLP T ANDS TO THECH COCH
8297-275155-0030,THE PYT
8297-275155-0013,SED THE SSPS
8297-275155-0010,THEPS
8297-275155-0031,TO SS FS
8297-275155-0002,Y TOPPS THES SS THETION THE TTION TOCHS
8297-275155-0006,SSIS SCH SPD TO
8297-275155-0005,SSP TS FSP TOP TT
8297-275155-0008,CH TOS SPCH S
8297-275155-0032,SS PPT SRSP SSPSP S THE F
8297-275155-0028,P TCHS
8297-275155-0020,THE F S TO TOS THECHLSSP THES S
8297-275156-0003,SSS PST THE THEP THE THES FST PERTS TOS
8297-275156-0005,TO THESPSS THE SCHCH TOPTSS THESS SP THESP T THE FCHT
8297-275156-0001,THETS S S TOF
8297-275156-0010,SPCHSS P TOSPSSDCHTT SS TOS
8297-275156-0009,SEDS TOSCHS TOPT SDS TO F
8297-275156-0007,CHSS SST THESPTTION THES SPSS SSRSS S
8297-275156-0013,THETS SSP TOCHT THE STSPPSS S ANDPTP
8297-275156-0011,SHE S THECHS FS S TO
8297-275156-0000,S TO
8297-275156-0006,SSCHSPS TOPSS THEPST
8297-275156-0008,F S ST SPSP
8297-275156-0012,THE SSSS SPCHCHS THE
8297-275156-0004,SPSPDD S
8297-275156-0002,P S SSP SPSS ST S TO ST
8297-275154-0002,SSSS T THECHS TOSPDTSS
8297-275154-0013,L
8297-275154-0024,CHT ST THE
8297-275154-0011,PTSSSPSCHTION
8297-275154-0007,S STION S THESSDT
8297-275154-0000,T PS TO SD TO S SSSS SS SD
8297-275154-0005,STT
8297-275154-0016,CH TO TOS
8297-275154-0019,TO THE S BSSTCHS THE
8297-275154-0020,THESS THE B SSCHC
8297-275154-0006,TO ST TOCH TOPS SP FDPT THECHSP THE FT TOCHS SSTT
8297-275154-0025,SCHED SCHL
8297-275154-0014,TOSS SS SPPSSSSS S SCH S S THE TO SST P
8297-275154-0023,SS
8297-275154-0018,ER THE S
8297-275154-0027,CHL S SS SSD TO THEPTTS S
8297-275154-0001,S SS THESS TOS PTPTSSTION THESSP
8297-275154-0012,S SS
8297-275154-0003,CH SPP TS
8297-275154-0015,TOPSP
8297-275154-0010,F S TOST SCHSS
8297-275154-0008,CH TSPSS TO S
8297-275154-0022,S
8297-275154-0004,S THE S TO S F S TOPSS
8297-275154-0021,SS THE TO SP S
8297-275154-0017,THE THESS
8297-275154-0026,S ST
8297-275154-0009,CHD F
7641-96670-0026,S SCH SSS S
7641-96670-0025,SSCH SSS
7641-96670-0007,S THES THES THES SS SCHCHP TS
7641-96670-0011,CH THE SS SCH
7641-96670-0020,THESCHS THEERSPS
7641-96670-0005,SS S SSSSS SS FSCHCH
7641-96670-0000,S S ANDT S
7641-96670-0003,FCHSS S FCHSSSS SS F
7641-96670-0024,S FCHSS
7641-96670-0013,SS SSRSSCHSPERSS
7641-96670-0019,SHE BS SSSS TO
7641-96670-0023,ANDCH S TOSLCHCHS S THE FSD BCHSCHSSS BERS
7641-96670-0017,THECHSSPS TCH
7641-96670-0006,THE SSCHCH FCHSS THES B
7641-96670-0027,SSSSCHS
7641-96670-0018,CH SS TOCHS FSSS
7641-96670-0015,SS THES S S SSCH T BCHT
7641-96670-0008,THESTSCHS S SS
7641-96670-0001,CHSS S SS S S THECHSSS TS S
7641-96670-0016,FSS
7641-96670-0002,CHSS TCHS BSS
7641-96670-0010,SSS BS
7641-96670-0022,CHCHS TOSCHSCHSS
7641-96670-0014,ST TOSCHS S
7641-96670-0009,SSTS FSS SSS
7641-96670-0004,SHESSCH
7641-96670-0012,SSSSS
7641-96670-0021,SS SS
7641-96252-0017,S SCHS B SCHSERSS S TOS
7641-96252-0009,THE SSCHCHS THECH S TOSSSPSPCHS THE SS FCHS BSSS
7641-96252-0002,SCHCH FCH F TO PS SS
7641-96252-0019,SSCHCH FSSCHTION
7641-96252-0018,S SCHSS SSSS THE SS
7641-96252-0016,TIONCHSS SSTERSSCHL THE
7641-96252-0012,TIONSSSS TOS SCHSSCHSCHSSCH THE
7641-96252-0021,SSS BCHTION FSS FSCH THESCHS BERSL S SS SSCH THE S TOSS SS TS TO
7641-96252-0013,SS THECH SCHS TOS SSSCHCHSCHCHSCH
7641-96252-0005,S THE FSSPSCH THE TOCHSS STIONS THECH SS SSCH
7641-96252-0008,SS SST THECH
7641-96252-0003,TSPS S S
7641-96252-0007,S SSSS SS
7641-96252-0000,S BSS TO THE TO S S
7641-96252-0004,S STIONSSS SCHSS SS T TSS TO SCHPS S
7641-96252-0006,S SS FSSS BCHCHSCHSS S
7641-96252-0011,THESPCHS TSSSTION TS THECHSCHS S SS THE SSCH
7641-96252-0001,F SF FS S BS S THE F THECHPS TOSCH
7641-96252-0010,S FCHS THEL THEERSS S
7641-96252-0015,S THE FS SS FCH S
7641-96252-0020,CHCHSLSCHPPSS SS
7641-96252-0022,S S S F THE TOSSS T SSSS STS
7641-96252-0014,SLS S FSSSSCHCHSCHSS S FSS T HESS TOCHCHD TOCHS
7641-96684-0023,SSP TOS
7641-96684-0034,STSSS TOS S TOPCHTSSCHPSS
7641-96684-0038,SSP THE THE TOS STION SS
7641-96684-0000,SS TOSRCH
7641-96684-0010,SCHCH OF FSSL THE TO S
7641-96684-0019,THES SS SHES
7641-96684-0031,ANDSEDCH BS SS FSCH TOS
7641-96684-0003,TSSSSS S
7641-96684-0001,S TSSERS FS
7641-96684-0033,L TOS ANDTCH S SS SS B
7641-96684-0024,CHS S BS
7641-96684-0028,THES SLSS
7641-96684-0018,CH THEER FS TOT
7641-96684-0015,CHS TOSERS THECH HEP F THECH TOS TO
7641-96684-0007,S SHE THES F THE FS SSSCH
7641-96684-0037,SDSSSS
7641-96684-0027,SHET THES SSS
7641-96684-0011,THETSSS
7641-96684-0012,CHCH SPSSS TOCH SS
7641-96684-0020,SSCHSS
7641-96684-0030,CHCHS
7641-96684-0022,THESSS
7641-96684-0029,T F S TO THE TO PSSS SCH THE TOL
7641-96684-0035,CHS THESL SERCHS
7641-96684-0014,SHE TO FSCH ANDSSSS THESTS
7641-96684-0021,CHSSCH B SER S B ST TO THESSSS
7641-96684-0016,SCHLSCHCHSSS THESTSS
7641-96684-0017,SCHSSSCHS ANDSCHSSCHTS THESS SS THECHSTSCHSS
7641-96684-0009,S THE S SCH S THE SS
7641-96684-0005,FS S SSS TO
7641-96684-0025,S THECH F
7641-96684-0026,SS TO THE S THELS STSS
7641-96684-0036,SP TS S
7641-96684-0004,CHSSSS F
7641-96684-0013,CH SSRERS SS THECHS TO S THESS
7641-96684-0006,S SS SS SS
7641-96684-0008,SPSSSTT F FS THE SSTS
7641-96684-0032,S THESSSCH THES
7641-96684-0002,SD SSCHSS THESCH
3080-5040-0027,SSSS TOSCHSSSSS TO
3080-5040-0001,THE BSS TOSS ANDER THES TOSSP SSSSS TOS
3080-5040-0029,SSSSSSS THE SSSTSSSS SSTS
3080-5040-0016,S THE SSCHS
3080-5040-0010,SSTS ANDCHS S TOSS THESPSS
3080-5040-0021,SSS TO TO
3080-5040-0033,SSSSSSSSS AND THESSS ANDSSPSSCH FS
3080-5040-0019,SCHCHS SSTST SS SST SSS THE FSP
3080-5040-0008,S SSSSSSSERCH
3080-5040-0004,S TO STTSS S THES SSS FS TOCH THES SS
3080-5040-0018,CHTS
3080-5040-0013,CH THE SSSSSSCH TO SSSSPS TOSS
3080-5040-0031,S TOCHS TOCHSSSS SS
3080-5040-0015,THESSLTSSS S S TOTION TO S TOCH
3080-5040-0007,SSSSSSSSCHSSSSSSSS SSSS SPSSCHSS
3080-5040-0011,SSSP
3080-5040-0030,S S TO TOS SSS FSCHS
3080-5040-0017,AND
3080-5040-0028,SSCH
3080-5040-0014,SCHSS TOPSCHS SSSSSSS
3080-5040-0003,TO SSS
3080-5040-0002,CHSSSS SCHSCH SHE SSTIONSSSSCH
3080-5040-0024,S TOSSS S TOSSSSSCHSSTION
3080-5040-0012,CHS SSCHS STS
3080-5040-0032,SS TO TOS SSSSSCHS S S TOSDS
3080-5040-0022,CHCHCHSCH TOS S TOPSSSS TOT TOSSSS
3080-5040-0000,SCHSSSER
3080-5040-0009,S
3080-5040-0025,S TOSSSLSSSSCHS BSSTSS
3080-5040-0006,S FS THES TOSTSS
3080-5040-0020,TOSSSS
3080-5040-0023,S
3080-5040-0005,ERSSSSSP THESSS
3080-5040-0026,THES SS S
3080-5032-0019,TOSSCHS THESS THE SSCHSS TOSSSSS TO S S SSTS ANDS
3080-5032-0006,S BSSS THE SS PSS F TOSS SSSSCH FS
3080-5032-0025,SSSSSS FSSSS
3080-5032-0023,TOSTION
3080-5032-0001,CHSP S SS
3080-5032-0024,SSS TO SS S TOEDSSS
3080-5032-0021,TO SSCHSS AND THESCHST
3080-5032-0018,WSSSCHSS AND TOSSSCHSSSSTCH TO S SSSSSPSSSSSSSSSSS
3080-5032-0004,THES SSPSSSS
3080-5032-0002,S SSCHSSSSSCHS
3080-5032-0005,ANDS S TO SCHSSCH S S TO SS
3080-5032-0020,THETSCH
3080-5032-0026,THECHSCHSS TOSSSS
3080-5032-0016,SSSS
3080-5032-0008,S SS TCHSS ANDSS
3080-5032-0011,S S TOSPS ANDSCHS SSS
3080-5032-0013,SS SSS AND S SCHS THES SSS
3080-5032-0000,SSCH ST S
3080-5032-0012,SS SCH TOS SSSS S TOSSTSPSS SCH
3080-5032-0022,S SDS S AND SSSCHSS
3080-5032-0003,SSP
3080-5032-0009,SSS TOS AND SCHSSERSCH THESS SSS SSSCHSSSS
3080-5032-0007,SSS S THEDSSS ANDSSSSSCH SSCHS
3080-5032-0014,SSSTS
3080-5032-0010,SSP
3080-5032-0017,CHSPS BSSSSSST
3080-5032-0015,CHSSSS SSS SS TO SSSSS THECHS S SSSCHS
2803-154328-0011,THE THEPS B THE PSDT
2803-154328-0008,PS TO THEP PD B TOP
2803-154328-0021,ANDS STSS
2803-154328-0004,THEERPP TOSPPP TOTP TO FL TO
2803-154328-0017,THE THES THEPSS WSPS THE TOTT
2803-154328-0010,THES TO THE THES B
2803-154328-0003,ST THES S THE B S P THESPED TS B BP
2803-154328-0013,THES S FTSPP
2803-154328-0016,TOT
2803-154328-0002,THETD
2803-154328-0014,SS
2803-154328-0001,THE THE TO THE
2803-154328-0019,FS S BSPPPD THEPLS THEL
2803-154328-0007,FPPSP
2803-154328-0023,CHSED SP B
2803-154328-0012,THE S THE SS THEPSP STPS
2803-154328-0009,B THE FS B THE F WPP
2803-154328-0022,S S TOT
2803-154328-0015,S THEL THE HEPPS THE TOT TSSPSPP THES THE
2803-154328-0000,THEPT T TOS B THES THEPPP
2803-154328-0006,B W F
2803-154328-0020,S B BP B W TO B S THEP TOSS THESP PPS
2803-154328-0018,THE F P THE BS THE P B THE BPRTPERSPERCHS S F BPTP
2803-154328-0005,THED
2803-161169-0002,PCHSP
2803-161169-0013,THE THES P B T THE THE S TO THE TOP B THE B B THE
2803-161169-0006,PTSD THE W
2803-161169-0003,THESSS THEST THESP THES
2803-161169-0001,THES WP TO THE BS THESD S
2803-161169-0012,THEPERER THESS THE AND F THESPS ANDSPST F
2803-161169-0016,PSS W BSP
2803-161169-0017,S BP THE THES BPSPP
2803-161169-0005,THE THET BLS B W F THE BTS TO BS
2803-161169-0008,THE STP THE P THE THE THESP THEP TOSP
2803-161169-0009,F THESSP THE B THE THE AND THE ANDT THEP SER THEPSP
2803-161169-0010,FP BERL AND S THE ANDERP THEPSS TOP
2803-161169-0004,THE BPP BPP FSP THE THE W THET THE
2803-161169-0015,SP THEERS TOPP W WPSP
2803-161169-0007,T THEP B P BP B TO TOP BD
2803-161169-0014,THE B BS PR THEPP T THEP THE
2803-161169-0000,P P THELST TOTP THEPP
2803-161169-0011,THE THE T B TPD TOP
2803-154320-0010,T PS
2803-154320-0005,S THE W SP THE BS
2803-154320-0013,BS TO THE
2803-154320-0000,PS THESPPSSS P THE
2803-154320-0006,PT
2803-154320-0001,THEPS TOP PS B THEPP SPER SSP FSP THE B
2803-154320-0012,W THEP BSP THE TOPSSPSPCHS S THE
2803-154320-0009,ANDSP THECH
2803-154320-0007,THEDPS SS
2803-154320-0003,THES SSPSP THES TO TOT
2803-154320-0011,TT THET THE
2803-154320-0004,SP BS THE THESPPSS TOS FPP THEP
2803-154320-0008,F
2803-154320-0014,SS THES S P THE BT
2803-154320-0002,THE THEPS
3170-137482-0031,STSS AND TOSCHSSSS THESS SS TOSSPS THES TO
3170-137482-0036,THESCH SS THE TOL SSSCH THESS
3170-137482-0010,THE PS THE TO TOS THECHSCHSCHSSSSS
3170-137482-0037,ANDS THESSS T
3170-137482-0030,THE TSSTSSSSSS
3170-137482-0038,SCHCH THECH THED PSERS THE SS ANDCH
3170-137482-0003,SSS THESPTION SS THE THE SSSSS ANDSCHSSSSCH THES THESPSS TO
3170-137482-0005,AND THES THE B S AND THECHSCH THESTCHS
3170-137482-0022,CH THESERSP ANDERS W TOST S TOSSS TO THE FRSS AND THESST
3170-137482-0000,CH THE TO TOCH THES THE SL TOS THE SY TO THE AND THE THES TS THETPSS THE T SCHSER S S THESCH THESRCHEDS THE HE TOSS SSS TO
3170-137482-0040,THE THE FS ANDCH THE THE THET AND S THECHDS THE TOPSSSSS
3170-137482-0046,S SSCH SS ANDCH TSS
3170-137482-0023,SS SSCH THECH THEP S THESPS
3170-137482-0042,ANDSSSSSCHCH THESS ANDSCHS THESS
3170-137482-0016,TS SS T THE THE TOT
3170-137482-0035,THESCH TO THES S TO THES B TO PS
3170-137482-0024,BTSS THE SSS THE
3170-137482-0034,S THES S S THES AND THECH SS THE
3170-137482-0032,SSS
3170-137482-0012,ANDCHTSS T TO
3170-137482-0014,THE TSS
3170-137482-0045,T TO
3170-137482-0028,THE STIONS THE
3170-137482-0013,SSS
3170-137482-0001,S THEPSL BCHSP TOSSTION ANDS THES S THESSSP THE THES SSSSLS S
3170-137482-0033,THE TOSSP
3170-137482-0002,ANDL THES BTION ANDSS THECH SERCHCHS TOPERSCHSS THETION S THES THESSSSSCHS
3170-137482-0041,THECHS THEPTT THECHSPSS
3170-137482-0048,TSSS THE THESCH
3170-137482-0039,THE SSSSS THESL SPERSEDCS THES ANDT THESS SS THEL SPS THE
3170-137482-0004,SSSSSSS THES
3170-137482-0006,AND SSCHSSS TOSS FS
3170-137482-0020,T SS THE THE S THES
3170-137482-0043,CHL THECHS THET TO TOS S
3170-137482-0029,S
3170-137482-0015,CHTCH THES THESPS
3170-137482-0047,HE THECHS THECHS THECHCHDPSS
3170-137482-0011,TION THEST TO ANDSCHSCH S SS TOS
3170-137482-0025,S TOSSTSS SS
3170-137482-0008,THESSPCH TOSSS
3170-137482-0009,THE SPCHS THES THES THESTSS
3170-137482-0019,THETSSSDSS THECH
3170-137482-0027,THE SCHS F SS THE THE TOCH TCHS TOTION
3170-137482-0044,SS TO THES TOP THE S TOCH THEED SS THE THESPS F THELS THES
3170-137482-0018,S TDSSP FS THES
3170-137482-0017,SCH THE TO THE S TOST THESS THE THE TO SSSP THE
3170-137482-0021,THES THEL SSPSSSP S THES
3170-137482-0007,AND T TOCHCH FLCH S S THE THES TO ANDS THEPS S THEING THE TOSS S THEPS
3170-137482-0026,S ANDS BSSS ANDSS THE TO THEYDS
6295-64301-0023,SCH THE THEP THEY TO PSS TO T S THES OFDS THES
6295-64301-0032,THE SS
6295-64301-0031,S TCHER TO F S SSP
6295-64301-0021,D THE FCHPS S
6295-64301-0015,S SPSTS TOT
6295-64301-0024,THESPS S P
6295-64301-0008,THE SSS
6295-64301-0001,ANDSCHP
6295-64301-0003,PSSS TOS TOSS THES
6295-64301-0005,THESP SD THE
6295-64301-0022,SD TOLSSS TOS B FT
6295-64301-0009,SSS
6295-64301-0027,S TOCSSSS THE
6295-64301-0018,BS T S SSSSPSPP
6295-64301-0000,THE SSSS THE THESS THE THE TS S THES ANDS S TOSPSSPCH
6295-64301-0028,TO S B TOSSS THE SMSPL THE F
6295-64301-0014,THE S THES S
6295-64301-0010,THES THE S S TOD FSCHP F
6295-64301-0004,SPS
6295-64301-0026,THECHP SS TO THE SS THESSPS TO SS ANDSSS
6295-64301-0016,THECHST S TOSC
6295-64301-0019,D THECHS THETP B
6295-64301-0029,TO S THESSCH P THEP TO TO S SDSLS
6295-64301-0007,TOSS F SS
6295-64301-0020,S THES SCH TOPS THESSSCH
6295-64301-0017,CHSERCH TOS
6295-64301-0025,SBDP THES FS THES
6295-64301-0012,THESS TOSS THESCH
6295-64301-0006,S SS THES SSLS
6295-64301-0002,SCHSSSSSP
6295-64301-0013,SS S OFS TS
6295-64301-0011,F SSPSS TCHSSCHS THES
6295-64301-0030,SSP THESS TO
6295-244435-0011,THESSP
6295-244435-0015,LSSS
6295-244435-0031,SSSS S TOST
6295-244435-0001,S THESS T SSL SS
6295-244435-0004,THESL SERSS BSS TO TO S THES S THEPSS SS THE
6295-244435-0010,CHSPS THES TO ST FS BS TOSS
6295-244435-0025,AND P TOS THES THESTION
6295-244435-0000,SHES
6295-244435-0014,THES
6295-244435-0034,S TOSL
6295-244435-0030,THE BSP TO SYS
6295-244435-0028,S TOS S
6295-244435-0017,PPTION S THESS TOP THES TOSP
6295-244435-0037,PSSS SHESCHSSCHS
6295-244435-0020,SS THESSSS SPP
6295-244435-0008,THES TO ANDSPSSS THE TOS SPP TOSSS PS
6295-244435-0027,THESS
6295-244435-0039,SSPS THES TOSSS AND TSSPS
6295-244435-0036,SSSPS TOSCHS TO SSSSS
6295-244435-0029,THE FSSSSSSSP
6295-244435-0022,SCHS SS BS SD
6295-244435-0023,ANDS FSP S
6295-244435-0035,THESSS
6295-244435-0003,THESPCH
6295-244435-0019,SSS TOP TOT
6295-244435-0033,ANDSSPSSS THE TOS BSS SS T TO
6295-244435-0002,SSSSS
6295-244435-0006,CHSSPT
6295-244435-0021,SP
6295-244435-0012,CHSS FS SSS
6295-244435-0026,THESS THE THES
6295-244435-0018,TOS SSSSL
6295-244435-0013,S TSST SSS
6295-244435-0032,S PSPSS
6295-244435-0016,TSSPS TO PS THESSS
6295-244435-0038,SPS SLSSS P FSSP
6295-244435-0024,SPSSPDSS
6295-244435-0009,THEPLSPT THECHSS THET FSSSCH
6295-244435-0005,THE FYSPSS TOSS
6295-244435-0040,S THESSP
6295-244435-0007,LSS T THES THES
8842-302203-0007,FSS FP
8842-302203-0002,SPSSCHSCHTS ANDSSS TO TEDSSS
8842-302203-0006,SPS S ANDSSPS TO
8842-302203-0004,CH SCH THE TOCHPP SSSRTS THES
8842-302203-0001,SCHSS TO SSS SPSCHPP
8842-302203-0003,SPS SCH
8842-302203-0009,THE S TOSCHTSSS SCHTCHS S
8842-302203-0005,ANDS TOSSCHSS SS TOERL
8842-302203-0010,SCH TOSSCHCHSS SSCHSCHS SPS
8842-302203-0008,SPTSCHS B THESPSCH
8842-302203-0000,S SSSS F SS ANDCHSCHCH PCHS ST
8842-302203-0011,SCH S THE THE FCHSS
8842-302201-0003,SS WSSPSS
8842-302201-0009,SS BCH THE S
8842-302201-0012,PSCHSS TO
8842-302201-0001,SSSSS ANDSS THECH TO TOP
8842-302201-0000,TO S BS BSPSSCHCHSS SS FS
8842-302201-0008,SSTIONSS S FP
8842-302201-0011,SSSS SSS
8842-302201-0010,THESS THE
8842-302201-0013,SSS BSS S
8842-302201-0015,SSCHSSCH TO SS S THE
8842-302201-0004,SS F SS SS SS
8842-302201-0002,SS TO F TOS S FSS SS FSSS
8842-302201-0014,SS THE SSS TOS S ANDSCHS SS SSSSSS SS SHE S S
8842-302201-0007,SCHSSCHR
8842-302201-0005,ANDSCHSCHPS S TOS THE SSS S
8842-302201-0006,SSSS TOCHS FCHSCH S THESCH
8842-302196-0010,SSCH TS TOCHSSSSS
8842-302196-0001,THE SCHDSCHS S S THE SL THE SSSS SSSSS
8842-302196-0009,S ANDSPS SS FD TOSS SSS S
8842-302196-0012,S SS THE FSS
8842-302196-0004,RS SSSL TOSSSCHS
8842-302196-0005,SSCHSS FSSS SSSCHTION SCHRCHS SPSSSSSSSS TO SSPS TO SSSS
8842-302196-0011,S SS THES
8842-302196-0007,CH TOCHSS FS SS SSS
8842-302196-0002,TIONSSSS TOSCH TOP
8842-302196-0008,SCHCHSS TSS
8842-302196-0006,SSSSSS TO
8842-302196-0003,T TORSDCHSSCHSSS THE SCH
8842-302196-0000,SHESCH TSSSSS ANDS TOS PSSSCH TOSS
8842-304647-0008,PS BCHSCHCH SPCHSCH
8842-304647-0007,T
8842-304647-0005,THE BPSCH
8842-304647-0013,THES S FS SS TO SS BSP F THE P
8842-304647-0006,THEPSS FPSSS THES THE S THESSCH B THE TOP THECHS FSS TSS S FSSSCHP BP BS
8842-304647-0000,S BSSLS PCH FSTS TO
8842-304647-0010,S THELCH THECHCH SS S STCHTS T BSP S
8842-304647-0003,SLSPPSSTPCH THESPSCH
8842-304647-0012,TOSCH
8842-304647-0009,S SD F B TOS SSP TOTSSSPS
8842-304647-0001,CH PST
8842-304647-0002,FSSSCH THE F THEPSL BCH BSSS TOS BS TOS SS SLPSS PSTSP GSSSCHCH
8842-304647-0011,L B TO THESSS SSSS
8842-304647-0004,SS BSS THE SSSS SSTSS
8131-117017-0013,THESCH TSS
8131-117017-0009,STSPP TOCHSCH
8131-117017-0023,SCHCHS
8131-117017-0004,SSSCH
8131-117017-0005,S
8131-117017-0026,BTT THES THE TO
8131-117017-0019,F TOS
8131-117017-0002,S FSTS SSSSCHS SSSS
8131-117017-0001,PTSSTS S
8131-117017-0032,S
8131-117017-0024,CH S S THE
8131-117017-0012,ANDSCHT TO S S TO
8131-117017-0015,S
8131-117017-0016,SCHP
8131-117017-0018,SS
8131-117017-0031,TOS TOP
8131-117017-0022,THES TCH S THE S SS
8131-117017-0006,S S
8131-117017-0025,SSS FS THECHP
8131-117017-0003,THE S SCHS TS
8131-117017-0020,CH T TO S S
8131-117017-0029,THESSS TO SS
8131-117017-0027,THES THECH S
8131-117017-0021,FSR TOP SS
8131-117017-0008,S THETION TO TO TO TO THE SCH THECHPPS STIONS
8131-117017-0028,THECHP THECHS
8131-117017-0000,S S FSSCHC TO BCH TOS TOS TOSS
8131-117017-0011,SHETS THE
8131-117017-0030,CSPS SSSCHS SCHSPSS TOPPS S SSPS
8131-117017-0014,CHS TOSPCH SP
8131-117017-0007,SSS B
8131-117017-0010,SCHPC TOPCHT
8131-117017-0017,CH SSCH TOCH FS S
8131-117016-0046,THESSS THECHSCH
8131-117016-0044,S TSPS
8131-117016-0059,S STCH
8131-117016-0024,SSP THES
8131-117016-0030,SS TO W
8131-117016-0017,SCHS S
8131-117016-0008,FTIONSPS
8131-117016-0051,THE TCHCHS
8131-117016-0026,ANDSST
8131-117016-0040,FSSP S
8131-117016-0048,S TO
8131-117016-0056,SSSCHSS
8131-117016-0020,THES SS B SSS FCHTSS SSS S B
8131-117016-0037,SCH T PDSSPSS
8131-117016-0032,STIONCHCHSCHS
8131-117016-0002,SSSS THE TOSS THES B THE B SPS
8131-117016-0009,P SS BSS S TO
8131-117016-0058,THECHSSSSRSS
8131-117016-0013,TOT SPS
8131-117016-0045,S TOCHS
8131-117016-0027,S BSS
8131-117016-0021,CHSSSS S TO THES
8131-117016-0054,S F THES THET FS T THE
8131-117016-0038,THE S
8131-117016-0041,SCHCHCH BST
8131-117016-0034,OF TO T
8131-117016-0022,THESCHS S SSS T THE
8131-117016-0061,P TSS S TO
8131-117016-0035,THECH
8131-117016-0043,PSS AND
8131-117016-0016,SHESS
8131-117016-0010,FRSS
8131-117016-0049,THE S SSSSP
8131-117016-0003,THE S S TOCH SS
8131-117016-0018,PS THE
8131-117016-0012,SSCH TO STIONCHS SPS
8131-117016-0011,CH SPCH SSCHSSCHSS
8131-117016-0052,S TOP SPP
8131-117016-0036,TSSSCHCH TS
8131-117016-0005,S FCHSCHS TO TSS
8131-117016-0053,S THEPSS SCHSPS TOER TO
8131-117016-0057,THETS THE SS THES
8131-117016-0019,T TO TO
8131-117016-0042,TT SCH S
8131-117016-0047,THE THES TSS
8131-117016-0033,FSS SSS S
8131-117016-0039,S THESPP SS SS THE
8131-117016-0050,TION TOS
8131-117016-0031,THECHS THES TO SCH THE OFCHARS
8131-117016-0006,SHE OFS SLSTIONP TOSCHSS
8131-117016-0055,SST
8131-117016-0029,S S
8131-117016-0028,S TOS TERS
8131-117016-0014,THESS TOCHSSP TS
8131-117016-0060,SSS THECHSS
8131-117016-0015,THECHP SCHS S SSS
8131-117016-0007,TOS STSS
8131-117016-0001,SSCHS TOCH
8131-117016-0004,S FERS TO THESS SSSCH TOSCH
8131-117016-0025,SD SS SS
8131-117016-0000,T
8131-117016-0023,F SDT FCHCHS
8131-117029-0005,TT
8131-117029-0008,SSS
8131-117029-0021,SCH
8131-117029-0001,THETTIONS S
8131-117029-0018,SSSCHCHCH
8131-117029-0002,WCH
8131-117029-0014,SSS
8131-117029-0019,SPCH
8131-117029-0009,THECHS
8131-117029-0010,THESS THE OFCHSCHPS THESS OFD TOS
8131-117029-0022,RSDSCHS
8131-117029-0015,SCH TO SS THECHSS
8131-117029-0017,S TCHCHSCH TO S
8131-117029-0013,THES
8131-117029-0016,CHS TO
8131-117029-0003,THESPCH TOSSS
8131-117029-0011,SCHS TS SPCHSSSCH THE SS
8131-117029-0007,SS STS WCHS TO S THE SS
8131-117029-0004,CHSTIONTSPP THES
8131-117029-0006,SSCH TOCH
8131-117029-0000,THES F F SCH THE S
8131-117029-0012,THESSS
8131-117029-0020,TOPSSS
2412-153947-0001,SSTP THET
2412-153947-0004,TSSTSP TOCHCHSS THESS TOPSS S
2412-153947-0000,THESSTT
2412-153947-0012,ANDSSPS
2412-153947-0009,SDPS TO THE SS TOSPLPS TOCHSS
2412-153947-0003,TOPSSSP THELP THE TO TOPS BSPS TO
2412-153947-0015,S TSPSPT THE THESS PTSTT
2412-153947-0011,YCH TO SSS BPSSED THEPSPSSTS TOS
2412-153947-0005,SP BP THEPPTSS FPSSSSSSSPP SHESCHSP FSPSS
2412-153947-0006,THE FT TO BS TOPS BS SLSS TOSSSCH
2412-153947-0008,SPPTST TOPSSPS THEP ANDPS TOPSPPCHPSPESSP
2412-153947-0007,SPSPS SP TOSS THEPTSSSSCHS
2412-153947-0002,SS THESSS BSSSP
2412-153947-0016,SINGPLSS
2412-153947-0010,S FTPS TOPSSS SS TOS ANDSCHSST SYT TOSCH TOSS
2412-153947-0013,FS TOSS B TOS THESSPT
2412-153947-0014,TO TOS TOS SS TOSSSSEDPTS TO
2412-153948-0009,SSSSSY TOS
2412-153948-0007,THES TOS STPSPPS FSSSS THE TO
2412-153948-0000,SSSSSSSSSSSTTS TO TOSS
2412-153948-0004,S TOS TOPSTSPSPSSPT THE W SSSTPSSS THE TOS SS FPSPT THES S TOT TOSLT
2412-153948-0011,SS S THE SDPPSPSSS THEPSSSPT
2412-153948-0015,S FSSPT P
2412-153948-0013,ANDST TO FTSP B TOT SSY
2412-153948-0003,SSSS TOSSS AND SSSPSSS
2412-153948-0006,S SS ANDS STPSPS THE S THESPEDPSSP THEPS ANDPS
2412-153948-0012,SS F THEPP
2412-153948-0008,PSS TOPSTSS TOSPS TOT
2412-153948-0005,SS
2412-153948-0001,SSS AND TO THESSS THESPT THE
2412-153948-0014,ANDSSS SSS SCHP TOS
2412-153948-0002,SSS THED S
2412-153948-0010,CHSSP
2412-153954-0021,CHSS TOSSLS
2412-153954-0012,FSPSPLCHSSS
2412-153954-0004,SS SSSS SPSCHS THESS THETS
2412-153954-0019,TSS FSP TOS
2412-153954-0014,SS PPSS TO THESS TOSS TO TO TOSP SS TO
2412-153954-0018,FPS AND TO TOSSSSPSCHSTPSS
2412-153954-0006,S S ANDS TOPLPS THETP
2412-153954-0005,CHSSS BSSP
2412-153954-0009,THES TOSPSPSS SSS F THEPSPCHCH TO
2412-153954-0020,THEL THESS THESP
2412-153954-0015,S FSPS TOPCHSSSP TOPSTP FPSS
2412-153954-0000,SHETPSSSPSSPEDS FS ANDPPTS S
2412-153954-0022,S TO FSS
2412-153954-0013,SCHSSS
2412-153954-0024,HESSSL
2412-153954-0002,F TO TOP
2412-153954-0023,S F
2412-153954-0011,SPPSSS B TOP
2412-153954-0007,SSSPPPS TOS TOPSS THE
2412-153954-0016,TOSSLP F FSSPS SPS
2412-153954-0001,YS TOPSPP THE THEP TO TOS
2412-153954-0003,FS S SSSP BS
2412-153954-0008,SSSF
2412-153954-0017,PLPSS THE SPS FST
2412-153954-0010,SL SPCH THEP
7018-75789-0018,SP SSSSCHS F AND THE S SSSSSSS SCHSTST
7018-75789-0015,B BS THESS FSTS F STS TO TOTCH
7018-75789-0024,SHE SSSSCHS THE SSSCHS SSSCHSPSS SSSTS
7018-75789-0007,SSSSS AND FS TO THESS
7018-75789-0016,T TOSTSST B TOSCHS S SD
7018-75789-0012,S SS THECHSSCHSPS
7018-75789-0030,SSSSS TSSS
7018-75789-0006,THESS F
7018-75789-0023,S SCHSCHS
7018-75789-0025,SCH S B THES
7018-75789-0009,SD F S ANDS TOT SSS ANDTSPS
7018-75789-0003,YTSS TSCHSP T THESPCH
7018-75789-0005,TOSS FSSS SS SSSRT TOSSSS
7018-75789-0014,S THESS FPSPS THE THESSPT
7018-75789-0028,THETS TAS T SS ANDS TCH ST SDSSS AND ST TO TOS THEPSSS BSSTS
7018-75789-0011,SHE SS TOS THES S SCHT SSSSSS TODSSS THE S THE SSS S TO THES FSSS THESS
7018-75789-0001,SS S SCHTSSCHSST TOTSRTCHSCH SS SSSSPSDCHSCH SR AND TO TO SS
7018-75789-0019,TIONSSSSS THESS WSS
7018-75789-0017,SST S TO B THE SS THESCH
7018-75789-0020,SS TOCHCHSS FSCHS T SS TOCHS TOS FP SS
7018-75789-0021,SSSSSSCH FS TOCH
7018-75789-0002,P SP ST SDTIONSSP S THE FSS SSS
7018-75789-0000,SSCHSSSS
7018-75789-0013,SSS FSST SSCHSSP
7018-75789-0010,S F SS S
7018-75789-0004,T S PSSS THESCH THES SR SS THESSPCHS THESS SSS SSSPCHCH
7018-75789-0022,T S F SS FCHCHS SSST THESS
7018-75789-0008,S ANDSCHS S TOS TCHSS THE SP SRS ANDSSSSPCHST THEPS
7018-75789-0029,THE S S SSTTCH TO SS TOSS THE THECHS TOPSS SD ANDSS THESPTSSS THECH SSTION THE THE F SP F THE STIONS S THES SP S SPSS
7018-75789-0031,S BSS SCH TS SP THE TO SSSSTSS TOSCHS THES
7018-75789-0027,S THEPTSPT THES SPS S S TPSP SSPS TO FCHST SCHS
7018-75789-0026,ANDS SS FCH ANDCH COPPTCHSLPSCHSSS AND THE AND TYS TO SS S STIONS TO SS TO TO S SS SS F TOS AND TSCHSSS
7018-75788-0007,ANDSSSSCHS SCHSSS BCHS THEPS TOPTPD THESS THESS S
7018-75788-0013,AND S TO SSSTP TOS TOPS THES TT SS TOSS SCHCHP P
7018-75788-0015,SSCHSSS ST
7018-75788-0004,ST ST SCHSCH
7018-75788-0018,S TOCHSR S THESSSCH OF TOSTSS FSST F BS THEP TO B THETS BTIONSSS
7018-75788-0010,THE SS SS S TOPS
7018-75788-0016,SCH SSPSTSPSS
7018-75788-0000,TO SS TS SSSSDCHCHSSY TO
7018-75788-0008,CHS SS THEP SS SP S
7018-75788-0006,TSTCHS S SS ST SSCH THETSPPS
7018-75788-0009,S SSSS
7018-75788-0017,BS S TSPT SSPST TOSCHSSSSSCHCHSCHS FT SS
7018-75788-0019,THE THESSS SS THES THEPS
7018-75788-0005,SPCHSP T STSS ST SCHCHCH B FS
7018-75788-0001,ANDST T THE PCH SCHS
7018-75788-0014,SCH S SCHSDS SPSPS S BS
7018-75788-0012,SS SS TO TOSS P ST
7018-75788-0011,THEPT TOPTSSSSS SS T SSTSSS SSS
7018-75788-0002,S S T F SCT
7018-75788-0003,BLS BYS S TSSD SSSST TST TOCHCHSP TO
6938-70848-0004,PTDTS
6938-70848-0028,ANDSSPSSPS TOCHING
6938-70848-0010,SSCH TOSS SS
6938-70848-0030,TOCHP SSCHS F
6938-70848-0013,AND TO SHET
6938-70848-0019,P THEPT TOP S SHETSSS TOTS THE SSCHCHCHS
6938-70848-0017,TOSS FS TOINGT FCHT
6938-70848-0024,THEP THEP SS TOSSCH T THE
6938-70848-0003,CHS TOS S
6938-70848-0001,THE SSSS
6938-70848-0016,DPCHCHSD TO TOSCHS
6938-70848-0014,S TOS THEP S
6938-70848-0000,S TOT PT
6938-70848-0011,F TOCH S
6938-70848-0025,SPPCH
6938-70848-0020,THECHS TO F PT
6938-70848-0008,SDCHCHT THES
6938-70848-0009,SS SS
6938-70848-0029,SHE TOPSTS
6938-70848-0023,THECH FSS PT
6938-70848-0022,THESSSPCHSS THECH THE SCH TOSSSSS
6938-70848-0005,TOD TODS SING TO
6938-70848-0007,SSP F S TOTPS S
6938-70848-0012,THE B THE S TO TOS P
6938-70848-0027,THESTSING TOS SS SP
6938-70848-0015,THET F TOTS THET TO SS TOSTSCHT PD S
6938-70848-0018,S TOS TO S SHECHS TOSSSTSTS
6938-70848-0021,SS THEP
6938-70848-0002,S S TOS
6938-70848-0006,PTSS TO THEPL TOCH THET TO TO
6938-70848-0026,CHS SS
1272-141231-0007,S THES TOSTION
1272-141231-0002,THESCHS TOS TTSDSSTSSS SSSSPTSRSSSS THE
1272-141231-0000,TOS S SS
1272-141231-0025,SPCS THES TOS TOS SS
1272-141231-0023,S S TSS FSS BSSS SSYS
1272-141231-0016,SS
1272-141231-0004,S SD THE THES S
1272-141231-0024,SSSCHS
1272-141231-0030,SSSSS TOPPSS THE TOS
1272-141231-0029,SSS TOSS TOS THESSCH
1272-141231-0019,THET SSSS
1272-141231-0032,STIONSS ST
1272-141231-0022,F TO THETSCHSSSSC SSSTT
1272-141231-0010,THE THE S SS T TO THES TO THE SSSSSS
1272-141231-0008,SS SSSSSS
1272-141231-0021,THES THESS
1272-141231-0011,S TOCH S
1272-141231-0005,SSS TO THESP
1272-141231-0003,SSSPS F BS THESCHST
1272-141231-0018,S THESSPS TOCH
1272-141231-0015,TO S TO F THESSST
1272-141231-0012,SSSPTSS BD S S
1272-141231-0020,SS TO THE THE TS T
1272-141231-0028,THESSCH THE THESS
1272-141231-0027,THE THES S S S TOSST F
1272-141231-0001,STSP THES S
1272-141231-0014,SSPSS THE
1272-141231-0031,S TO SSTSTS
1272-141231-0006,S T TSS TOS S
1272-141231-0017,S TOSSTSS
1272-141231-0013,S
1272-141231-0026,SP THE SSSPP TOS SISS
1272-141231-0009,SSSSSTS TOSSSSSSSS
1272-135031-0012,S
1272-135031-0008,S SCH
1272-135031-0021,TO TCH
1272-135031-0006,SLTSYD
1272-135031-0007,SSSSP
1272-135031-0003,THE SP THEA THEST
1272-135031-0000,ST SSSSSS FCHS S
1272-135031-0001,S THESSS OFSS THE S THES TOSS TOSS
1272-135031-0014,S
1272-135031-0011,SS
1272-135031-0023,SCHS SSS
1272-135031-0020,SCHTS
1272-135031-0004,CHSS SSSS THE
1272-135031-0005,T S
1272-135031-0002,SSS THE SSSSSSSSSSSD TS
1272-135031-0017,THE F OFCHY SSSS
1272-135031-0019,SST
1272-135031-0015,TOCSSSSSP
1272-135031-0024,OF TS THE SS TOSS THE SS S TO SS
1272-135031-0009,S
1272-135031-0010,SSSSTSSSS SSSSS TO TOS
1272-135031-0022,CH
1272-135031-0013,CHD TO FS
1272-135031-0018,CH
1272-135031-0016,BS
1272-128104-0006,ANDSTCH TOSSSS
1272-128104-0004,SCHSSSS PSSSSSSSSS FS TO TOSSSCHS TO TOPS TSSS TOSISTSSP B THEC SSTIONT THECHSS
1272-128104-0003,S THES SSSSSSP THES TOT
1272-128104-0009,SS THE THESS SSSYTS TO SLPS SS OFLSSSS THES TO SCH OFL
1272-128104-0012,FSS STSTT
1272-128104-0005,ANDS THESS S FS TOSSSS TO BTSPTION
1272-128104-0001,SSSSSSS
1272-128104-0014,DT
1272-128104-0007,THE TSST TOSS FCHTSS ST
1272-128104-0013,TOS SSCHS FS FTSSPT
1272-128104-0010,THE S SD BT
1272-128104-0008,PCHS THESS BCH S
1272-128104-0002,SST THES SS SS OFSSSS THE THE FS SSINGSSS
1272-128104-0011,FTSSSS FSTPCHCHP F THES TOPSS TOSSST TSS T
1272-128104-0000,THESS OFSSDSS
5536-43363-0017,TOSCHCHSSSSTS BFT
5536-43363-0004,THESPS FSSS SPS THESTIONSS TOSS FSCHD
5536-43363-0001,THESSP THE BS SERSP
5536-43363-0010,CHSTS TOTIONPSPSSPS THEPS TOSCH
5536-43363-0005,SSPCHERSPPSS TO TOSS THECHSS THE S THET THESPSSPSST THESS
5536-43363-0009,SS THE THET THE THEPCHSSCHSS TOSSL THES TO TOSSSSSSPT
5536-43363-0019,THESCH SCH SS T THE
5536-43363-0014,SSSS THESS FTION TO THESSSS SCHER THESSP
5536-43363-0015,FCHSSSSS
5536-43363-0000,CH THESS THES
5536-43363-0007,TO THECHSSP SSPSSSSSSSS
5536-43363-0011,SS TO THE THE
5536-43363-0003,S S THE SPSCH THESTTSS TOS
5536-43363-0013,SSSPSTS
5536-43363-0006,SS BSSTSST S THECHSS TOST THE SSS
5536-43363-0018,THESPS SSCH
5536-43363-0012,THESSSRS
5536-43363-0002,THESSSPS SS THECHSS TO
5536-43363-0016,THESSSCHSS SSS TO
5536-43363-0008,THE THE THESSSSS TPPSS
5536-43358-0000,THE S FS THE THE
5536-43358-0009,CH THECHS THESS THEPS SER TOSS SS
5536-43358-0008,SSSCHS THEPS THESCHS TOSS AND ANDED SCHS SSS TOSSSSS TOCHSS
5536-43358-0003,S FS TO TO SSPS
5536-43358-0015,SPSCH THECHSP SSS TO
5536-43358-0011,CHCH S THE FS TCHSP THESS THE FS
5536-43358-0001,THECH TO TO TO THESCH THES SSSSSS SPSSST
5536-43358-0010,S FS THES SSSS TOS TOPCHERSSCH
5536-43358-0017,SSPS FSSSTIONS TO THEPSSS THESERT TOD THE T THECHSSSS F THECH
5536-43358-0012,S TSPSSCH FT
5536-43358-0006,THE SSST BSSCHSCHSPCHS THES
5536-43358-0007,SSS TO SSS THESS SSS TO
5536-43358-0005,THE ST TOS TOSSPTIONCHSS BCH BS TS ANDCHSS T FS
5536-43358-0013,S THETIONS THESS THEPTPSPCHCHSSSSPS
5536-43358-0016,ANDSPCHTION
5536-43358-0002,SSS THECHSS THE SS FP THESSSCH ST THE SCH
5536-43358-0018,SSTCHSS BSTSCHS SS PS TOS FCH TO THECH
5536-43358-0014,SSCHSP
5536-43358-0019,THES TSERS THETSSSTIONS
5536-43358-0004,S S THESSTS
5536-43359-0001,TSCHS THE SCHSCHS TOSCH T THE THESCH SSPERCH
5536-43359-0010,SCHSS ST
5536-43359-0002,S THES THE TSPS THESCHS TOCHPSS TO THES SS
5536-43359-0017,CHCH TS
5536-43359-0004,TCHLTSS THETSS THE P
5536-43359-0007,THESCH FSSS FSPSS BSSSTS TOPS TO BPFCH TSSPTP
5536-43359-0014,THES TOSS TOCH
5536-43359-0005,THESPSS ST THETIONLCHCHSS
5536-43359-0018,THESTCHSS THE
5536-43359-0003,SSS THESSSS THECHSSSSS THES THE
5536-43359-0006,FSTION BSP
5536-43359-0000,CHSCH
5536-43359-0013,TCHSSS THE TOS S THESS
5536-43359-0012,PSSSTSPSP
5536-43359-0015,S THES SS
5536-43359-0009,SSCHP THE
5536-43359-0008,CH FS
5536-43359-0016,TS FSTSSS SS S
5536-43359-0011,PSPPS S S TSPTSCHSSPED SS SS TO TO THETION
2428-83705-0014,SHESPP
2428-83705-0003,SS F
2428-83705-0011,SPEDSSPSSSSSS
2428-83705-0000,FSSPS SS
2428-83705-0043,SS F SPSSS TO
2428-83705-0025,TOPSLTSPS S OFSPT TO THEL BT
2428-83705-0039,THES THES
2428-83705-0030,THETPS SSSS TOSSPPL
2428-83705-0015,CHS SSCHSS SSP THEPSP BCH
2428-83705-0001,SPS THESSS BS
2428-83705-0036,S
2428-83705-0023,TS
2428-83705-0037,TOS FP SPSTIONSS THE SS SSS
2428-83705-0019,SS TOCHSCHS
2428-83705-0033,PSSPSSS
2428-83705-0008,S TO TOS
2428-83705-0010,FPSSS
2428-83705-0012,SSP S SS THES BSS ANDT
2428-83705-0013,SCH THESS THECHSP
2428-83705-0017,SS SHES THES TOTION
2428-83705-0020,SP TO SSSP THEY F
2428-83705-0007,CH S TO
2428-83705-0026,SS THE SS FPPP SSPS AND THE
2428-83705-0035,TSS FSS THE
2428-83705-0022,ED THES TOP SED B
2428-83705-0031,CHS THECHS
2428-83705-0034,S THESSSSP
2428-83705-0005,FSSP THE
2428-83705-0009,S
2428-83705-0038,SS SS SP S ANDT
2428-83705-0006,SPS S
2428-83705-0018,TOT THE SHEPPS
2428-83705-0042,S THESS TOPS FER BTL SS
2428-83705-0004,SSD SS SSP TS TOP
2428-83705-0024,S THES SMPS BPS
2428-83705-0002,SED THESP S THESPS AND FSPSSS BERP THE S THE
2428-83705-0029,THEPS TO THES
2428-83705-0016,AND S TO B F
2428-83705-0040,TO SP
2428-83705-0041,SSS FS
2428-83705-0032,BT THECHTLS
2428-83705-0028,CH THEPT SCHS THE TOCHS SSTION
2428-83705-0027,SSP
2428-83705-0021,SPSS
2428-83699-0040,S THESS THESP TS F
2428-83699-0030,S TOSER
2428-83699-0018,T THESS B AND THE THESSSSPS BSSLS TO
2428-83699-0012,F SSSS FSSS TOSPS
2428-83699-0037,STIONP TSPCHS THE THES THE SS
2428-83699-0033,THEYCH
2428-83699-0031,THESS THE TO
2428-83699-0007,FDP TO SS
2428-83699-0026,THE S
2428-83699-0021,S THEPS
2428-83699-0039,S THE
2428-83699-0034,SPS THES SSCHP THE THE
2428-83699-0005,S S STIONSSSSS TOSS
2428-83699-0029,P TOSSP S
2428-83699-0001,THESS
2428-83699-0036,SSSP SPST
2428-83699-0042,S SS F TO SP
2428-83699-0010,THESPTS TO
2428-83699-0015,SSSS
2428-83699-0024,SCHS THEPT TO
2428-83699-0022,
2428-83699-0028,THE SPS TOS S
2428-83699-0035,SS S
2428-83699-0006,S THESSPS
2428-83699-0016,SSSTION TOSSF F THE S
2428-83699-0009,CHS
2428-83699-0023,SS
2428-83699-0019,S F THE THES THEP FCH
2428-83699-0013,SPSSS
2428-83699-0011,PP
2428-83699-0041,SSS
2428-83699-0003,SS TOS THE THESCHY F TOSSP
2428-83699-0025,CH F SSPPST THE P THESS
2428-83699-0020,S TOLSPSP
2428-83699-0000,SSS FSSSS THE TPSSP THESSSSCHPS FS TOS
2428-83699-0004,S T
2428-83699-0032,TO SSSS
2428-83699-0017,ANDS SS TO TO TOP THESTIONSSSCHSCHSP THEP ANDL TOLSS TO
2428-83699-0008,S SSSCHS SSSSSCHS S TO THE
2428-83699-0038,S THE
2428-83699-0002,PSSP FT AND
2428-83699-0014,S
2428-83699-0027,THE THESPSSP
84-121123-0010,CH TOSSSS STD THES TOS
84-121123-0007,TOS
84-121123-0015,THE TSS
84-121123-0017,SS THEPSSS TOTSSST TOS ST THEP
84-121123-0011,SSDSP TO
84-121123-0001,SS S TSSST
84-121123-0004,SSTPS
84-121123-0013,SS
84-121123-0022,STS THE THE
84-121123-0018,SSSS TOST
84-121123-0028,S THES TO TO SS
84-121123-0019,SS
84-121123-0005,THE B TOP SSCHS TOT S FSSCH ST TOSSS TOTSSCHSSSSTPS TO TOS TO TOS
84-121123-0016,SSSSSSSS THET SS TO THET
84-121123-0002,SS SS STSS TO THE TOPCH THES FSD SCHSPSSSCHPS ANDSPS TOS
84-121123-0014,S
84-121123-0021,S ST THE TO TOSPTSCH
84-121123-0020,SS S THECHEDSPSSCHSSCHS
84-121123-0026,SS THE SSSSSSSS THESSTSSPPSPCH THECHS TOCHS TOSS S
84-121123-0006,S THESP SSSCHSTPS
84-121123-0023,CHSPTSS TOSPS
84-121123-0009,SS THES
84-121123-0025,S S TOSP TOSSSSCHS
84-121123-0008,S S S THE TO TOSPTCHSCH
84-121123-0024,SCH TOPEDSS TOSSST TOPCHT TSPSSCHS TOSSS
84-121123-0000,THE
84-121123-0012,SSS
84-121123-0027,S TOSST
84-121123-0003,CHSSPSST F SS
84-121550-0031,SSSTS TO FT THECHSS SS SS
84-121550-0035,S BD TO TOSP SCHD THES TS FSSS TO
84-121550-0002,SPSSSCHCH SSP
84-121550-0000,S S TOSS S TO TOSSTPPTS
84-121550-0032,SSS SSCH SSCH TOPS
84-121550-0013,THES SS TO TOSDS STSPST SSTSS BSS THE SSSSSS
84-121550-0029,ANDSSCHS TOT THEST SED SDS
84-121550-0014,SSSS STSS TO TOSSPS TOPT
84-121550-0005,SPS TOS THE THE STS TOTS THEP TOSTT
84-121550-0008,SPSSTSCHSSS SS SS THES THE TO
84-121550-0026,S THE F TOSS TO TOS TOS
84-121550-0011,THESSPSSSS STPTSSSCH
84-121550-0018,S TOSSSSS BSPL FCHST THE THE S THE
84-121550-0019,T T TOD P TO TOP TO TOS TO STS
84-121550-0033,CHS TOPSS S TOS FSP STSST
84-121550-0003,TO TOCH SSS TOSS THETS TOSS
84-121550-0025,TOS THE FS SSS TOP TO TOTT HE BS SSST
84-121550-0027,SSCHS
84-121550-0022,SSSS THEPS THESTCH TOS
84-121550-0012,THETSSSSS SSSSSTPSSSPS
84-121550-0007,SSCHSCHS TO FS TOPTCHSSSSSTP
84-121550-0001,SSS ST SS SCHSST S
84-121550-0015,CHS TO TOCH TO TSS TOPS
84-121550-0021,THESSPS SS SERTSS TO
84-121550-0023,ST TOT ANDSSSS TOSS FST
84-121550-0009,THE TOSSED TOSS TO SCH TO TOSSSS
84-121550-0006,P S S SPDSPS TOP SSTS
84-121550-0020,ANDSPTSSS TO BSPPS STS TO
84-121550-0004,SSS THE TOSCHSPSSCHSSS
84-121550-0024,TO S TOS TOS TOSS FSSSS
84-121550-0017,S TO SPTS S TO SCHT
84-121550-0030,TPCHS SSSSS SS THESSP STPPSST
84-121550-0016,S S S THESTS BTSSSPS THE SP
84-121550-0034,SCHT TO SSS TOPT TOSS TOSPS
84-121550-0028,CHS TOSDSSTSSSSPPS
84-121550-0010,ST TO S THE TOSS BTS
1988-147956-0000,S B S THE TOSSPSINGPSSS BCH BPPS FS
1988-147956-0016,THE THE F THE B
1988-147956-0023,SPSS
1988-147956-0021,SHES FCHS
1988-147956-0009,THE T THETS THE SER
1988-147956-0025,SS AND
1988-147956-0027,SCHEDCHSSL
1988-147956-0003,S
1988-147956-0002,S B THE
1988-147956-0026,SSTS THEPSS
1988-147956-0008,SHESSS PTS THESTS THE PSSS BS
1988-147956-0014,S
1988-147956-0020,THE SS THEDSPS
1988-147956-0005,THEDP THECH TO
1988-147956-0022,SHEPTLSPS S
1988-147956-0015,SS B THESL
1988-147956-0029,SS S THE F TO BS
1988-147956-0006,THESS TO THES
1988-147956-0024,CHS
1988-147956-0019,SPT TO TSS
1988-147956-0028,ATSSSSS
1988-147956-0001,SS TOSSCH THESTS BS BP
1988-147956-0018,SSS
1988-147956-0013,SD B THESS
1988-147956-0010,TOS
1988-147956-0011,SS BTCHCHS B
1988-147956-0017,S BCHDSPCH
1988-147956-0007,SPLST
1988-147956-0004,SSS SCHDSS
1988-147956-0012,TSFSPSS BPSP
1988-24833-0021,SPLSSS
1988-24833-0019,ANDSAR TO
1988-24833-0008,THETT B
1988-24833-0012,S B S
1988-24833-0026,SS
1988-24833-0027,CHSSSP
1988-24833-0020,TO SSCHP THESSS THE
1988-24833-0024,PS THEP THE TSCHP
1988-24833-0025,B TO
1988-24833-0004,S TO TOSS THE
1988-24833-0011,SSERSP THESSTCH S SHE
1988-24833-0007,AND FSDTSST
1988-24833-0010,TO
1988-24833-0018,LL B
1988-24833-0002,CHS THE THE TOPS
1988-24833-0000,TOSTSS
1988-24833-0016,SPL B S
1988-24833-0015,L THE THE TOS SED SPS
1988-24833-0001,STP TSCHSPTSDSD
1988-24833-0006,THE
1988-24833-0023,SSPL
1988-24833-0003,SPSSSPSP
1988-24833-0028,SSD
1988-24833-0013,THE TOS THE BSL S THE BPCH
1988-24833-0005,SSLERL ANDSS
1988-24833-0017,THESSCHTP
1988-24833-0014,PR
1988-24833-0009,SSLEDTSTSS
1988-24833-0022,TTCHSSS
1988-148538-0010,PR TOSSS TOSSCHS TOST
1988-148538-0008,S TOPSSTS THEPCH THESS ST SCHPS
1988-148538-0011,S TO COS THESPSSSPS THESSS B S BSSS
1988-148538-0015,SPSS THES TO TOCH B SCHSSS TO BPSS SS TO SS SSPSSTS SS TOSPCHSS BCH
1988-148538-0006,SSSS SCHCHS PSS BSSSSSSPS SSSS STSPS T SLTS FPTCH TOP ANDSRS SS ANDP THECHS
1988-148538-0004,ANDSS THECHS TOS B SS FSTSSSSSPCSS BSST
1988-148538-0013,S THESTSCHP BSTCHSSS TTTCH
1988-148538-0005,L SCHSSST THESSSPS TOSSSED FSSSSP
1988-148538-0009,S TO THE TSSPSS
1988-148538-0001,S SPCH TO BS ANDSSPPSLSSCHT F TO TOPCHS SPST
1988-148538-0002,THES SSSSSSP
1988-148538-0007,T TO SCHSSSSSS
1988-148538-0000,S TORTT TOS THE FSS TO BSSSS BSCHSCHPSCHS ANDS THESSPSS S SS B
1988-148538-0012,TO P SSSLTSPSS PSSS SSSS TPSPSTION
1988-148538-0014,SFSSSS THESTIONSCHS SR S ANDT THET THE S TOSSTION
1988-148538-0003,SSPCHSS THESCHSCH THETPTS
5694-64029-0031,THE FSS SSPCHSS TO FPS
5694-64029-0003,TO F THESSST
5694-64029-0009,PSCH B THE
5694-64029-0005,SSPSSS
5694-64029-0011,S THE THES F TO S THES THESPS
5694-64029-0016,TO FSS TOCHS THES
5694-64029-0006,S SS S SCHCHPS
5694-64029-0002,S THESP
5694-64029-0022,S S PS THE F FLT FS
5694-64029-0015,THE FPCHS
5694-64029-0026,PS T
5694-64029-0008,THES TT THE S T
5694-64029-0020,SSPCHCHSSS THESS SS SS F
5694-64029-0018,FERS S
5694-64029-0001,THESS THESS
5694-64029-0013,THES FS TO SS
5694-64029-0029,THE F THECH
5694-64029-0021,LP THE FS TO THESSS
5694-64029-0030,S T THEF
5694-64029-0000,S SS S THE
5694-64029-0028,S AND S TO THESP
5694-64029-0019,THES TOP
5694-64029-0032,S THE TO
5694-64029-0014,CHPPSSS
5694-64029-0007,S F THE T SS FCHT
5694-64029-0017,THES S
5694-64029-0010,P THE THESS
5694-64029-0024,S FSSSER THES THESSSS SSS
5694-64029-0012,THECHT FF F THE B OF THE
5694-64029-0025,F TO T
5694-64029-0023,FSS THES THE SHE
5694-64029-0027,PER S F
5694-64029-0004,THE TOS
5694-64025-0016,TOPS WS SCHSR S F THECHS TO F P FS
5694-64025-0003,THE S TS
5694-64025-0004,SDS THE P S
5694-64025-0007,S FS FS
5694-64025-0019,F FSS S THES THES SPSS
5694-64025-0017,TO
5694-64025-0002,THE TO TOS TOCH SS THESSS BCHS T S
5694-64025-0006,THEST
5694-64025-0022,THELPSSSDSS THE
5694-64025-0015,CH S F THES TOS
5694-64025-0020,ANDS ANDS T THES S TS TOSS
5694-64025-0001,SS FSP THE TEDCHS
5694-64025-0000,CH
5694-64025-0013,THE TOSS
5694-64025-0014,THE SS F SS THETSS THE TOS AND THETSSS TO OFSCHS S
5694-64025-0011,SS SCH TOCHDST
5694-64025-0018,TOS ST
5694-64025-0012,CHS THE
5694-64025-0021,SSCH TS TOS AND THEP
5694-64025-0009,S THES THE THE
5694-64025-0005,SS SS T THES THES TO
5694-64025-0010,THES SCHS BSSS TOSCH THE S THE THE THE THES FS THEST THE SSS THE THES THE SS
5694-64025-0023,P FCHS SS FSS THE TOCH
5694-64025-0008,THESCHSS
5694-64038-0006,SS THE
5694-64038-0010,THE S SS THE SS THE
5694-64038-0019,FSSCH THE BSSS
5694-64038-0015,THE B S F SS B THES SD TOS
5694-64038-0007,THE S BTL
5694-64038-0003,SS TOSS SSS T OF THE
5694-64038-0022,THES SLS F THE B THEST THECHPSSS F SS THE OF
5694-64038-0021,SCH THE
5694-64038-0018,TOPSS THEP THE THES P THE SP F
5694-64038-0011,ANDSSP
5694-64038-0023,THESS THES FSSTIONS BP
5694-64038-0020,ANDCH SS T BY THE
5694-64038-0024,SSSS ANDCH TO
5694-64038-0002,THESPS THECHCH B S TO THEYS TP T TOS
5694-64038-0009,THES THE
5694-64038-0014,S THES THES THES
5694-64038-0012,THEST
5694-64038-0004,THE SSSD F THEPSP THE SPSS THES S
5694-64038-0008,THE
5694-64038-0025,S SHE THES THE TO TOT
5694-64038-0001,SS THECH
5694-64038-0005,PPSSS THES THES
5694-64038-0013,FPSS
5694-64038-0016,SP
5694-64038-0017,S TO THE THECHS T SEDCH AND S THE TOTSS TOTPS
5694-64038-0000,THES S
251-118436-0022,SEDSP PSTP
251-118436-0011,ED SPPSSS TOPT THE FCHS TOP TO BTIONS
251-118436-0008,STPS TOCHS T
251-118436-0005,THECHSDS THETIONS TO BT THESCH
251-118436-0023,S S TOCH
251-118436-0021,THESS S FSP
251-118436-0004,TOSS
251-118436-0015,S TO S OF THE SPT BS TO TO B
251-118436-0006,SSPD B TO THE SDS TS ST
251-118436-0003,S THE TO SS TO TSSS FSSCHS THE
251-118436-0019,THE THE S T TO THE THE S TS S FT THE STION SP
251-118436-0017,THE SDP
251-118436-0009,THE ST THESTT THE SS THE SDS THE
251-118436-0018,S TO THEP
251-118436-0002,SSS BS THE SS THE THESPSS TO
251-118436-0012,ST THESSSP S THECHPST TOSPS
251-118436-0010,THED P TOT THE
251-118436-0014,THE THE SST BSPSSS
251-118436-0007,THESS THEPTT SS
251-118436-0016,PS TOS STS THE TO THES
251-118436-0013,THECH SS THESPS THESSPS THE T
251-118436-0000,S SS THE TTS THES
251-118436-0020,PS B B THE FST
251-118436-0001,TOSPSCHP
251-136532-0015,SSCHP S THET TOSP
251-136532-0010,SS THE SD THE TO TTL
251-136532-0013,S SSS ANDSSPS
251-136532-0000,SS THE THEYTSS
251-136532-0004,AND FSCHSTSL SPPSSS T ANDS THE SSYPS ANDSP THE B W THE THE S SLS
251-136532-0008,SSS S B TOSTIONS
251-136532-0020,TOPLCH TOST
251-136532-0012,FS SS OFSSPSSSS THE
251-136532-0007,S S B THE PST
251-136532-0017,F THE THESS TOCHS THECH TOSCHTION SSSSCHSTSS F
251-136532-0011,TO SSSCHS FTION
251-136532-0006,AR TO FCHS
251-136532-0021,SS TS ST
251-136532-0022,WCHS
251-136532-0005,THES TS TOCHARSCHSP
251-136532-0009,SPSS
251-136532-0014,S TO
251-136532-0003,SSCHSS ANDSSS BSSSSSS F STS THECHSCHSS
251-136532-0002,S SSS BS TO
251-136532-0018,PTIONCH THES TOSS
251-136532-0001,THETIONSSY B S B STS
251-136532-0016,LSCHSS TSSS TO TOPSS
251-136532-0019,TOSLS S SP TOSSTTLTS TO TOSS TOS
251-136532-0023,S TOS SS TO THECHTCH
251-137823-0014,THETPSCHCH FS F THE SSTION
251-137823-0011,CHSSS F THE F THE B
251-137823-0018,S TS TSS SS
251-137823-0024,TP
251-137823-0013,T T SS
251-137823-0007,SS TCH
251-137823-0025,
251-137823-0008,TO SS TO S S THESCH
251-137823-0004,PS TOCHS ANDSSSS PCHS THE TS
251-137823-0023,S SSS
251-137823-0012,RSS
251-137823-0005,S SSP FT
251-137823-0022,STSSSPSS S
251-137823-0009,FSSLPS TOCHLP TOPS TO THE THES
251-137823-0000,L THE FSPT
251-137823-0019,TOSSS COS TOPSS TS FSSPSCHS
251-137823-0020,THECHSS TO SS TS
251-137823-0003,TOS T THETSCHSS
251-137823-0006,TOSS TO S SS
251-137823-0017,TOT THE TOS
251-137823-0010,THE SSSP SDS TO S TOSSPER TSS
251-137823-0026,ANDSCHSSS T
251-137823-0016,ANDS WSCHD S TO
251-137823-0001,SP TOSSSS TOS TO
251-137823-0015,THE SLS TO F
251-137823-0002,SCHS TOSS
251-137823-0021,F S TOSS TO TOS SP S THE
3576-138058-0028,F TOCH TOPTS THECHSSPS TO TOSPSSPS
3576-138058-0038,THESSSSSP SS TO THESCHSPCHPSS
3576-138058-0014,THECHTS FS SS P TSS TOS TOERSCCHCP FSSPPSPST FDSSSS S S F FPTTION
3576-138058-0020,T S STION FSS THECHS TO SSS THES TOTP SPSPS TO THE THE THESPSSCHSCHCHSPCHS SPS
3576-138058-0025,SCHS TOSSS FS
3576-138058-0035,THE TO TO SEDCHCH FSSSSA ANDCHS SS SS PTSPSS TOCHS
3576-138058-0023,S THECH SC PS TO PCHS
3576-138058-0004,THESS THETION THE THEDS BTS TOFS SSTPSSS PSP TOTS TOS THE SS
3576-138058-0031,TP TO
3576-138058-0013,S PSS S
3576-138058-0012,THECH TO TOS TS TOS FS
3576-138058-0039,SSS TOSSS S THES F ANDS TOSCHS TO SSPS
3576-138058-0010,CHS S SSSSPSSPTS SSCSL SPCH SDSS SSS TOSS TSD
3576-138058-0008,FSS TOS TOSS THE
3576-138058-0032,S THEPSSTPSS
3576-138058-0007,FSPSSPSSCH
3576-138058-0002,SS SS S TOS TSCH ST TOCHSS SCH SSS SCHSSS TO SSSCH TOS
3576-138058-0001,THE TOS SSS FSCH SSSS
3576-138058-0022,CHSPPPSSTSP SSPST THE TOSP THESPTION TOT S TOPS TOT TO FS AND FTPTP
3576-138058-0009,THET TOSPSSPSPSS TO SSS SSCH TO TOS TOSP S TOSSS
3576-138058-0033,TOSSST TOSSPSCH S TOSSCHDPP PSSSPST S TS TOPPSS TOPS
3576-138058-0019,SSLSSS PSST TO ST
3576-138058-0018,SCH S TOPS TOS TOS
3576-138058-0024,PPSSPCHSSSS S SSCHSCHS TO TO SCHCH TOSSCHP SSS S THETS TO TOSS
3576-138058-0017,SCHTS TOP F THESTSSS FCHTSS TOS SSPSSS
3576-138058-0026,SSP S
3576-138058-0036,TOSSSPSCH TOSCH THECH TOSPSSSS S SSTSPSP TOS
3576-138058-0021,S TOCHS S TOS
3576-138058-0011,DSCH THE S TO S FCHPST TOP TOT
3576-138058-0003,S FS
3576-138058-0030,SCHS THED THE TOSCHS P TO SS S
3576-138058-0037,TOTION STSSS TOS TOCHSST
3576-138058-0040,TOT THET THE TO TO S S SST
3576-138058-0000,S TOSSSS SS SP SSS SCH TOD TO SS TOSS
3576-138058-0034,STSS PSCHSS F TO TOSSS
3576-138058-0005,S THE SS STION THE TOPSST TOPS TOSS SPSSCH TOSP TOPSSRSCHSSTSS SS TOPP
3576-138058-0015,CHSISSSS THETCHSPSSS
3576-138058-0027,SSTS TO TOSD SD SCH
3576-138058-0016,SSS FSSD T B TO S TOPS SSSSPT S THES
3576-138058-0006,SR TO S THET
3576-138058-0029,FSSSS CODS THES
6345-93302-0019,S TOCHS
6345-93302-0006,SSS TO
6345-93302-0017,DCHPTIONS TOS TOCHSS
6345-93302-0004,SCHSRS S
6345-93302-0008,S FSSSTION
6345-93302-0026,SLSSSS
6345-93302-0018,SCHS TO TO
6345-93302-0020,TO BS ANDCHSL
6345-93302-0000,SHE SCH TO S TO THES THESS
6345-93302-0023,S TOS SSCHSS THE B
6345-93302-0015,SHE THE S THESS PS
6345-93302-0027,THE BSSTIONSS
6345-93302-0010,SS SS THE
6345-93302-0016,CHSS SS WS TO THE
6345-93302-0005,SSCHCHS SCH TOCHS TO THE SSSCHS THES
6345-93302-0021,HESL
6345-93302-0001,STLSCHCHCHSSSSS BT TOS
6345-93302-0029,SSP AND TO S BS TOSS TOCH SPSSS SCH
6345-93302-0024,SPSS
6345-93302-0007,S THE THE ANDSTCHS
6345-93302-0012,CH SHECHSSP
6345-93302-0009,S TO S THECHSCHSCHST
6345-93302-0013,SHE S B TOPTTS
6345-93302-0028,CH TO SS
6345-93302-0014,SCH SSS SPT THE
6345-93302-0025,T PS
6345-93302-0011,ST
6345-93302-0022,S FPPS
6345-93302-0002,SCHSCHS TOSTCHSSCHCH
6345-93302-0003,SDT THET B TO THES SS
6345-64257-0001,S TO FSCH SSSS F TO TOSS S THES TOS S THES TOS THE THES TOSS FCH THETS
6345-64257-0007,CH B TS SPSS T
6345-64257-0020,PSP
6345-64257-0018,S STSCH
6345-64257-0013,SHESSSS SSCH
6345-64257-0011,SHES TOST TO PSSSS SSCH S
6345-64257-0006,S S TOSS WS THETSSS
6345-64257-0009,SHECHED SS S STSSS FTS S THE
6345-64257-0012,SST
6345-64257-0017,FSCHSS
6345-64257-0010,SHESSCHS
6345-64257-0005,SHES TO THESERCHSSD
6345-64257-0015,TO THES TO
6345-64257-0019,SCHTS TOCHS
6345-64257-0002,S THE THE THE TO THE TO FSS F B SL THE TO BTION TOSSCH
6345-64257-0003,S S THET S TO THESSSSS THE TOSSCH
6345-64257-0014,SCH
6345-64257-0004,SSTS SCH TOS STS F
6345-64257-0016,L FS TOCHSS FSCH
6345-64257-0000,SS TOSS THE TO TOED FPST SHES SSS
6345-64257-0008,CHSSS
6345-93306-0021,SCH SLS
6345-93306-0007,CH SS SSS TOTS SST
6345-93306-0018,SSS THE STT
6345-93306-0002,S SS S STS
6345-93306-0010,TP THES THESSS SCHPS
6345-93306-0012,S TO TO BS
6345-93306-0005,SS S THESCHSS
6345-93306-0004,SP S
6345-93306-0019,SS SSS S TOCH S TO S SHE SS
6345-93306-0016,SHESS S THES
6345-93306-0014,CH S
6345-93306-0013,S SPS TOSSSS F FCHS TO THES
6345-93306-0020,THESTS BS SS S S S
6345-93306-0023,TO SS THESCH BS SSSCHSCH
6345-93306-0001,T B THESS SST S SSR TO SSS S THE THES TO TOCH
6345-93306-0017,SPSSS THESS TOSSSS
6345-93306-0008,CHSS BS
6345-93306-0009,TS
6345-93306-0024,SST S S THES TOSS SL SSSCHSS SPSCHSSS
6345-93306-0015,EDSSSSCH ST SS S
6345-93306-0025,S SSCHS THESSS STPSS FSS TOTS TOS TO TO SPSS
6345-93306-0003,SS
6345-93306-0022,CH S THE TO ST TOSSTS THE SS THES
6345-93306-0011,SSS SSS
6345-93306-0006,THE STSEDS THEL THETIONS
6345-93306-0000,THES SCHSLCHEDS P THE THESSS SS B THECHSS TOSSP THESPST TOSS S
2078-142845-0001,SS S
2078-142845-0044,CHSS
2078-142845-0042,THE T BS SS TOCH
2078-142845-0011,SSS SP
2078-142845-0026,SSSS
2078-142845-0033,SS BPS FSSS TOSPSS B S F
2078-142845-0013,THE BS SSTION SPSS TOTS THES
2078-142845-0015,THES TOSSSSPSSS F
2078-142845-0049,SRTIONSS
2078-142845-0047,S TO THE TOS FSS THESSSPS F THEPS BS SSS TO
2078-142845-0003,SSS
2078-142845-0021,SPSSP THESSLD
2078-142845-0012,S TO TOSS TOPS B FTSSPSCHPS THESSSS THESS FS
2078-142845-0024,SSS
2078-142845-0009,THE SRSS
2078-142845-0029,TOCHSS SS SS
2078-142845-0037,PTSPS SCH THEP S SSSCHSSS THESP
2078-142845-0020,TO TS S THE TOSS FSS P THES TO F
2078-142845-0043,S SSCHSSS THE TOS TSS TOS FS THE STCH SSS SS SS
2078-142845-0027,S THE TSSS S SSS S FS
2078-142845-0040,S FCHS BS SS THE TO THES
2078-142845-0034,S THECHS THE S SCHSS TOSS S THESSCHTIONSSS
2078-142845-0000,PS
2078-142845-0010,SS TO SS TOS TOSCHSCH THESS F THE TOTION THE
2078-142845-0031,SS SSSSP THECHS TOSPY THE THET SPSSSS TO
2078-142845-0046,SS CO TO THEPSPT TOS TO
2078-142845-0017,THESSSSSPSCHSTIONP
2078-142845-0007,THES P S TCH TOSSP B THESSPSP S TOSS FCH THE SP THE THEINGCHS S
2078-142845-0025,CH THESSSSS FSP B T SSSSSSSCH THE TO SPRD THE THESSTS TO THECH THE SSSS ST
2078-142845-0019,SPCHS S THESCH SPL FSSP
2078-142845-0035,SCH TOSDSCHS
2078-142845-0036,THES SCH TO
2078-142845-0002,S THE
2078-142845-0045,THECH TO TOSS TOSCH TOPS TOS THESS
2078-142845-0030,S THES TOSS F TOSS THE TO THE THE THECHCHSSPTS
2078-142845-0006,S TO TOSS S SS THEPS S THESS SEDT THE THE THE TO
2078-142845-0014,THESS SS SP TOP SS
2078-142845-0023,S
2078-142845-0005,SCHCHSSCHSSS SSPP ANDS S F S TOSTIONSSSSPS SSS SCH OFS SS THEERPED THE FPCH THEP
2078-142845-0008,T THESS TO THE THE TOSS SS THECH ANDP THESSPCHSS SSPSSSPSSSSS TOT
2078-142845-0048,S SSPS
2078-142845-0004,P TOCH TOCHS BT SCHS THE THE THE TO TOSP THES TOS THE SSPSSSS TO TO SSSSCH TO TO
2078-142845-0032,SS SCH THE P TOSS THE SSS B THE THECHP THEY THECH THES THE THE SP
2078-142845-0018,TOSSSCHS TO THESS
2078-142845-0051,THESCHSSS TOSCHSS S TOCHTION THET
2078-142845-0028,THE THESSSPSS P THECHCHS THE SPS S THE THE THES
2078-142845-0016,S STIONSS
2078-142845-0041,THESCHPS
2078-142845-0050,P B SSPCH TOST
2078-142845-0038,FS TOSSSDPS
2078-142845-0022,S TOS
2078-142845-0039,S BS THEST SSSSSCHCHSS FS BS BPSPSSSS S THE
7601-101619-0002,S TO SS S THEDSS SS THE THE TO THE SSCHS TOT T T THE S SSS
7601-101619-0000,S TOS SSPS SS THEP
7601-101619-0004,CHCHP TSPS S S THE TO THESPSS FSS THESS THE SS SCHSS THE TOSCH
7601-101619-0001,SUSP TOERS THES S TS S SS S PS
7601-101619-0003,CH TOPSSPSS TOS P SS SCHSSSSSS THES THECHS TOP THE TCH S TOS F TOP THES TO B
7601-101619-0005,THES TOSPSTIONPSSSSSSSSCH SSSSSS
7601-175351-0018,CHS SCHC FSTIONS THES
7601-175351-0023,FSI
7601-175351-0003,S
7601-175351-0012,S TOCHP
7601-175351-0017,CH THESSSPOR
7601-175351-0020,THECHSSSST S SSTSS TOP THECHS
7601-175351-0007,BCHP THE THECHPS
7601-175351-0009,TIONCHSCH TOCH
7601-175351-0002,TO FCH THECHPCH
7601-175351-0016,CHCH P T S THE THE S S THE S BS THE
7601-175351-0015,TOPTION
7601-175351-0024,SCHP
7601-175351-0026,P SSSSS THE S THE THE S TOS BSSCH B
7601-175351-0005,THECH
7601-175351-0010,TO SSCHCHCH THE
7601-175351-0021,THECH S T TO T S
7601-175351-0019,THESTC THESCHS THE BCHSS TO AND THE S TO THE SCH P S
7601-175351-0013,CHTION THE THEP FS B THESSCHTP
7601-175351-0011,THECH
7601-175351-0022,FCHCHCHSSLPCHSCH THE S S S
7601-175351-0027,CHSS THE S THECHSSS THE THECHS THE
7601-175351-0025,S SPTION TSP T
7601-175351-0008,SCHPSS S P
7601-175351-0001,S SCHCH TOSCHCH THE THES
7601-175351-0004,SPSCHPSS THE
7601-175351-0000,
7601-175351-0006,CH BP P
7601-175351-0014,THE THETIONCHS SPCH TO TO TSCH TOCHPS S TOCH TO THESCHSS THETIONPSST SS PS
7601-291468-0003,THESSSSSSS SSTCHCH BCH ANDCHPCHS
7601-291468-0007,ANDSSSCCHCHSCHS THE TOSSTION THESSTSCH TO
7601-291468-0004,CHCHCHCHS ANDSTSS THECHP THESCHS SSS THECHTCHP TO THESCHSPP
7601-291468-0006,S BCHS B S THE THES S SHESS THECHCH SSS PCHSCHS THECHS BCHCHSPSSSCH THE
7601-291468-0002,FS THESCH TOP S TOCHCHSCHSCHCHS THE S
7601-291468-0005,ANDS SPPS PTIONS S SPST
7601-291468-0000,TS SPP TOCHSSCHCHISPSS THE S S SSPTSCH THES F TOCH TOSCH
7601-291468-0001,STIONSSP
7601-101622-0003,SP SPPPS S SS FSP
7601-101622-0006,S S THE THE S TO FS THESSP THE S THE
7601-101622-0004,TOP THE THES SERSS THE THE SCHT
7601-101622-0000,THES TOST THEPP SPPSSST SSS TOCH BSPPSTSS FSTIONSCHPPCH
7601-101622-0002,SSS F S S S FP THE FCHP
7601-101622-0001,THE SPCHS
7601-101622-0007,THE THES F
7601-101622-0005,SCH THES FS AND F THE
1462-170145-0022,TO SPTDCHCHTIONSS
1462-170145-0018,S
1462-170145-0017,S TO
1462-170145-0011,BS
1462-170145-0000,S THE TSPSTPSSSEDSSCHS BS THECH SSSSSSTT
1462-170145-0019,TO TO THE
1462-170145-0021,SS
1462-170145-0015,TOPSS TOS TOP
1462-170145-0016,TO TOSSAR TO
1462-170145-0008,P THES
1462-170145-0001,FTS THESSSS TOLS
1462-170145-0005,TO BPTD SS
1462-170145-0007,T S SS THE
1462-170145-0004,S TOPS TO TOSS BS THEED
1462-170145-0020,SR
1462-170145-0009,B THECHTS
1462-170145-0014,S
1462-170145-0013,CHSTS THE THET
1462-170145-0006,S STT
1462-170145-0010,SSSSP
1462-170145-0002,SSP
1462-170145-0012,SSS
1462-170145-0003,SCH SSSSSSSS THE SS
1462-170142-0028,SS TOSS
1462-170142-0021,CH S TO TOP BSS AND ST TO F
1462-170142-0041,CH SSS THE S SCHS TOEDS
1462-170142-0023,SS
1462-170142-0034,SSP
1462-170142-0027,TSS B TOSS
1462-170142-0004,PSP TOSTSS THEST
1462-170142-0001,SSPS TOPSS SSSCHSSPSS
1462-170142-0013,SPSS
1462-170142-0002,PSSS ANDSTION THE FSSS
1462-170142-0030,S BS
1462-170142-0010,SSSPCH SS
1462-170142-0016,SSS SS BS
1462-170142-0019,THECH SD S SSS THES BT TO THES SSCHSP BP
1462-170142-0012,SCH SS THECHSS
1462-170142-0025,THESS THESS BTSS BS THE
1462-170142-0026,S TS S S TOSS
1462-170142-0029,ST SD SD
1462-170142-0039,S BSS THE THE
1462-170142-0022,TOSCH B
1462-170142-0011,PLS THE
1462-170142-0031,CHS THE S THEPSSCH
1462-170142-0038,SSS AND PSTIONS
1462-170142-0040,TOSSPTS
1462-170142-0024,ANDSSS
1462-170142-0037,S THESS ANDS SS
1462-170142-0017,S
1462-170142-0033,SSSSPS
1462-170142-0015,S TCHS
1462-170142-0000,SCHS TOS TO
1462-170142-0005,SHESS THE SS THES THE HECH THES STSS THE TOSCH
1462-170142-0036,S S FPPS
1462-170142-0009,S TOSSS TO TODSS THEP
1462-170142-0014,SSS
1462-170142-0008,S ANDPSPP
1462-170142-0003,THESSTT
1462-170142-0018,SS THE SSS
1462-170142-0042,THE TOSPT
1462-170142-0007,S THE B
1462-170142-0035,B TO S
1462-170142-0020,SHECHP TOSSPSSS
1462-170142-0006,SPS TSCHS THES TOSTION
1462-170142-0032,SSS
1462-170138-0001,S THEFLPCHSSPS
1462-170138-0007,SP BSPCHSS TOSS SS
1462-170138-0010,SS THES P SSS SST THESPTS
1462-170138-0025,SSSCH
1462-170138-0009,S TS
1462-170138-0008,SSSSS TS TOSSCHSERS
1462-170138-0016,SSPSSCHS
1462-170138-0005,THESPPSS TOPSSTCHSPT THE SS S TOSS SS S
1462-170138-0002,THESSPSSCHSSS
1462-170138-0022,SS TO ANDSS THES
1462-170138-0020,STSPSD
1462-170138-0003,S S
1462-170138-0017,S TO S TOSSS TO
1462-170138-0004,SSCH
1462-170138-0027,SPPSS
1462-170138-0024,FDS FSSSSS S THE THEPP TS FSS TOS THESCHS THE S
1462-170138-0015,SSCHS
1462-170138-0026,CH SS
1462-170138-0011,T TOS SCHS THECHCHPTSPCH SSSSSPST
1462-170138-0023,T TO B SS BSS SSSDS SSCH THECH
1462-170138-0012,THECHSS BS
1462-170138-0014,ST PSSSS
1462-170138-0006,SSPSS THE FSTS S THE
1462-170138-0013,THE TOCHSPST SS FS
1462-170138-0018,SS THELSP THESSCH
1462-170138-0021,BS THESPDSPSS TO AND THESSTT
1462-170138-0019,THESCHS SP TO
1462-170138-0000,THES SS TOPSS TOSCHTIONS THE SS THE S F THE THES TOS S
1998-29455-0003,S S THE
1998-29455-0021,ST TOS TO
1998-29455-0035,FSCHSSS THE TO
1998-29455-0031,S TOPSTSS THE S
1998-29455-0018,ST HESS
1998-29455-0007,ANDST
1998-29455-0010,STSSPSCHSSS TOTS
1998-29455-0034,S
1998-29455-0000,SSTS THEPT THESSSS
1998-29455-0006,SST S STPP THES
1998-29455-0022,PS
1998-29455-0039,SS THESP
1998-29455-0014,THE TOSS TOSS
1998-29455-0016,SSTS
1998-29455-0032,S FEDEDS B S
1998-29455-0029,FS TSTST
1998-29455-0036,TO TOSSSSPSS
1998-29455-0030,SCHS THE TOS THESTION
1998-29455-0008,SS S
1998-29455-0038,TSTSS THE SS S ANDT THETSSPS TOSSP
1998-29455-0023,S ANDSS
1998-29455-0019,S T TOTS TOTSS TOS THET
1998-29455-0001,S TOST PSTPSSSSS TO TO TO
1998-29455-0033,SS SSS S TO
1998-29455-0012,SSSSSST
1998-29455-0024,AND ST THE BSTSS TO
1998-29455-0005,SST
1998-29455-0015,SP ANDSTS
1998-29455-0002,THESTSS TOS
1998-29455-0026,THES SSP SS B THES TOS THESSSS THETSSS SSS
1998-29455-0025,S STTPS
1998-29455-0013,S TOSST
1998-29455-0009,SS TOST
1998-29455-0020,THESSCHT
1998-29455-0004,BST FS
1998-29455-0011,TO THEP SSSS
1998-29455-0017,THE TOCHSSSS TO ANDCH
1998-29455-0028,THESSSSPS
1998-29455-0037,SS TOPSS THECHS THETSS
1998-29455-0027,THE BT TOSS TOSPPSS TOP B TO THETT AND TOTPCSTS SSSPT PSSTSS
1998-15444-0021,SSSST
1998-15444-0020,THESS S TO S TOPSSS SPP SPS
1998-15444-0003,THE TOSS SCHSPSSS
1998-15444-0024,SSSS TOS TOS BS
1998-15444-0016,SSSS THEPSSCHST
1998-15444-0004,THE THESSSSCHS S TOSPSSS
1998-15444-0000,THES SSSSTSS PSCHS TO SS TOSSSS TOS TOS
1998-15444-0006,SSSSSSSPSSS
1998-15444-0018,S S SSSS S
1998-15444-0026,BDSSSSPSSS FSSSSS SSSCHSS
1998-15444-0002,SSSSSPSSSSSSSS
1998-15444-0027,THESPSPS SSSTSS SS B
1998-15444-0019,CH SSS TOSSSTS
1998-15444-0007,THE BSS TOST
1998-15444-0011,SS SS SSS S THES TOS WSS ST TOPS
1998-15444-0022,PCHS TOS SSCHS SSSSSS
1998-15444-0001,SPSSSS SSSSS
1998-15444-0005,S TOSSP TO S TO TOSSS SSSS S
1998-15444-0009,S S TOSSSS SPS
1998-15444-0025,SSSTSPSTSSPSST SSSSDSTSSD
1998-15444-0017,SSSSPSSPP SSSS THETS ANDS
1998-15444-0023,SSSS
1998-15444-0012,SST SSPT S SSSPSS
1998-15444-0008,STSS TS
1998-15444-0014,SS S S TOSSC TO
1998-15444-0010,SSS THE SS
1998-15444-0015,S S TOSSSSS
1998-15444-0013,TOSSP TOS TOS
1998-29454-0004,SS SSSS
1998-29454-0041,SSTPSS ST
1998-29454-0018,SSS SS S TOSS
1998-29454-0002,SSTCHISPSSSPSSSSSCHST
1998-29454-0032,SPPSTS
1998-29454-0024,THE SSSTS
1998-29454-0023,THESSSTS SSCP
1998-29454-0020,S THE
1998-29454-0033,T PSSTS
1998-29454-0034,S SS
1998-29454-0039,SSSS ANDS STS S
1998-29454-0029,THESSST
1998-29454-0030,ANDSRST
1998-29454-0040,SSS THE TOTT
1998-29454-0046,S
1998-29454-0011,S THESP ST SS ST
1998-29454-0038,SP TO
1998-29454-0022,SSS
1998-29454-0000,SS B
1998-29454-0044,SSS
1998-29454-0036,SSS
1998-29454-0007,SSS TOS
1998-29454-0045,SS THES SPSS
1998-29454-0028,PS P
1998-29454-0009,HES THE
1998-29454-0019,FSS THE
1998-29454-0027,ST
1998-29454-0017,SS B
1998-29454-0042,ST TO
1998-29454-0043,STSSS
1998-29454-0021,IS THES
1998-29454-0037,S SSS TOSS
1998-29454-0015,SSS TOS
1998-29454-0016,S BS S TO
1998-29454-0010,P SS THEST
1998-29454-0005,SPSS
1998-29454-0013,SSSSS
1998-29454-0035,SSSS
1998-29454-0014,SSSS
1998-29454-0031,TOSST
1998-29454-0003,SSASSSTSS THESST
1998-29454-0006,SSS TOPSS
1998-29454-0008,STS
1998-29454-0001,THESS THESTS
1998-29454-0026,SSSS SS
1998-29454-0012,SS
1998-29454-0025,TOSSS
3000-15664-0043,THES THESCHSP T SSPSS SSSSS
3000-15664-0014,SSP THESS S
3000-15664-0017,THES TSSTIONS B P FST FTPSSPPSS SS
3000-15664-0034,S THECHS TOCHSCHPSPCHSCHS THEP ANDCHS SSSPS S THES PSPS
3000-15664-0009,SCH TOSSSSSSSCH AND TOS
3000-15664-0024,ER SS TOCH THECH S THE SSTIONSCHS SSPSSTS THESCHCHS THES
3000-15664-0028,THESS ANDT FT THE
3000-15664-0031,TS FSSR THES SS SSTPT TO
3000-15664-0035,SHE THESR S TRT SCH SSPCHSSSSSPT THESS TOT THE TOTS
3000-15664-0013,SS FSSSS THE SSSP SSTP SS
3000-15664-0044,THES FSSSSSS S THESSS TOTS SSSPS TO SSPT
3000-15664-0023,ANDS THESS FCHPCHSI
3000-15664-0041,T SS SPSS THE THE FDS S THESPS TOT THEPTSPCHSSSS SSS FCH SS SCHP T FPSCHTSS THE STSCHT
3000-15664-0026,THEL TOS
3000-15664-0005,THETT TO TO SS TOTSR SSSPS
3000-15664-0039,TSS TO FTSS THESS TS
3000-15664-0038,SP THECHSS S FS SPSPS PS FS BSCH
3000-15664-0015,PCH SSCHSDSP WSSSSSPSSSTIONTST
3000-15664-0002,S THEP STIONTP THECH THES TO S
3000-15664-0046,S TO S TO TOTP
3000-15664-0027,SS T TO THES
3000-15664-0012,CH THE THESSSS TORS THEPSTP SSST STIONSCHSDS BS SCH
3000-15664-0011,SSS TOPTS FCH THE THE FCHSCH THE
3000-15664-0006,S
3000-15664-0008,S FSS SS S THETT SST S THECHPTIONSS
3000-15664-0030,THE G THES
3000-15664-0019,SSSCHS THESS F BSTSPSSP ANDS TOS ANDCHLS T THE SSPS S S FT
3000-15664-0020,SSCHCHCH CO SCHSTIONCHSTSCH SS TOS BPSSSSSS
3000-15664-0036,SCHS THECH TOS THES THE AND FS
3000-15664-0004,S S THE TO THEPST
3000-15664-0040,S PSSS THE THES TOPPLS T TO TO THES THES TO S S THESSS
3000-15664-0045,THES T SPSSSP THETIONS S FSP S
3000-15664-0032,THE THES BS FSS STSTIONS THESSSPS THE
3000-15664-0018,THE SSPTION S THESPT
3000-15664-0000,SHESS THE THES
3000-15664-0037,THE THEPSPPS THESRSS SCHPCHST TO
3000-15664-0007,S STSSRSTSTSS TO
3000-15664-0003,THE AND THE S
3000-15664-0021,ANDP THE THES THES ANDD THESCHPSP SS TCHPT THE S THECHSS
3000-15664-0025,THE THE TOPS SDTST
3000-15664-0001,TP THESTION PPSSS FCHSS STTIONRSS THETSS SDSCHS PS SS
3000-15664-0042,S TOSST THESSS F SS T TO
3000-15664-0033,THE THE BSSSSTS P FRSSCHSP SPCHSPPYCHS TOPTIONS THES AND THES TOSSS S
3000-15664-0022,S T ANDSTS TO SST
3000-15664-0010,SCSERSPSTTSS THE SS S SS B TOTION B SSSS
3000-15664-0029,S THEP S TPSS
3000-15664-0016,SCHSSCHD THE FPTIONS THECHP F S
5895-34622-0020,SS THESSSCHSS
5895-34622-0004,THES THE S FS THESS
5895-34622-0017,SD THED SSCH TOS TOS S
5895-34622-0014,FSSP TOSS
5895-34622-0012,S TOCHS TOS TO
5895-34622-0023,S SSSS THECHS T
5895-34622-0007,SSTION TOSCHSS SS
5895-34622-0015,S
5895-34622-0018,SS TOS S
5895-34622-0002,SS
5895-34622-0019,ST TO SSCH THES SS THES
5895-34622-0022,SSLP F B BSCHSCHS TO
5895-34622-0001,TOSST FS
5895-34622-0009,BSSSDSCHSCH TOSS TOS
5895-34622-0005,SSS S P TOSSCHSLS BS
5895-34622-0010,TOSSS
5895-34622-0016,S S TOCHTCH
5895-34622-0000,R TOS TOLDSS
5895-34622-0006,TO TOCHSS SS
5895-34622-0008,SSSSSSSCHSS BSS AND TOS THE TO TO TO
5895-34622-0011,SLCHTIONS TO TO SSTION TOSSMCHSS FS THES
5895-34622-0003,S TOCH S TOCHS TOS
5895-34622-0013,SCHSSSSS HECHYSRSSTS TO F TO S SSS
5895-34622-0021,PS
5895-34629-0018,TOPS SS TO THER FS
5895-34629-0003,PSS THE
5895-34629-0016,SCHSPSS TOSS
5895-34629-0030,SSS S SCH B BS SS TOPSSSS
5895-34629-0023,PS SHESS SLED BT TO SS TO PS
5895-34629-0024,THE TOS TO THERS F SS
5895-34629-0025,S SS PS PP
5895-34629-0010,TOSS
5895-34629-0028,S TOSSSS TOS BP TOS
5895-34629-0012,SSSCH TO
5895-34629-0031,SS ANDCH S THE THE
5895-34629-0011,THESS THES SS S TOEDS
5895-34629-0032,FS
5895-34629-0008,SD TOPSS TO THET ANDS TOSCH SS S TOSS
5895-34629-0029,THE COSCH
5895-34629-0026,TO TO THES SSS TOS ANDS TOCH FS F TOS
5895-34629-0033,ANDDS TOSTPS HES SSS
5895-34629-0007,THE S TOPT T HE FTSD BS S THESS S
5895-34629-0000,SSS SS
5895-34629-0013,THES TOS TSS B
5895-34629-0027,SPS SS S TOS TOSS TOSSS
5895-34629-0020,S THES SS
5895-34629-0006,THESSS TOS TOSSY OFS THEINGS FEDS
5895-34629-0002,S PS SINGS TOSSSS
5895-34629-0014,PPP
5895-34629-0005,S TO
5895-34629-0001,FSS TOSS
5895-34629-0019,THE THE TOSSS
5895-34629-0009,SSSS TOCHCH
5895-34629-0015,SS SRA THE SS SDS BSPS ANDPSS TOPS
5895-34629-0004,CH TOPPS
5895-34629-0017,AND S SSSP TOS S SHE THE
5895-34629-0021,THE SSS TOSSSCH SS TDSCH SSL THES
5895-34629-0022,SS SSDSS SSSSS
5895-34615-0011,SCH
5895-34615-0010,SSS TO TOS F TOSCHS
5895-34615-0001,CHPSSCH
5895-34615-0006,S SP
5895-34615-0005,TO S TO
5895-34615-0002,FL S TOSSS TOCHCHS TO
5895-34615-0013,SS SSST
5895-34615-0014,CH SSSS
5895-34615-0012,ANDSS SS S SSS S S
5895-34615-0016,SSSCHS TSPCHSS ANDSSS OFCHS OFSCH
5895-34615-0008,S
5895-34615-0019,SPINGSSCH TO TO
5895-34615-0015,CHSSSSCH SCHPSP
5895-34615-0000,S SCH
5895-34615-0021,S F PCHSCHSSCHED SPSCH F
5895-34615-0017,SSS THE S SS TO THE
5895-34615-0004,TO PSCHSPL SS FS SCHS TO TOS S S OFSSPS TOCHS TOS TOCH
5895-34615-0009,SPS TOS
5895-34615-0007,SSSS S
5895-34615-0018,
5895-34615-0003,TOSSCHSTSCHSS
5895-34615-0020,SP SS S OF B TOPS
6123-59150-0031,SSS T STSS TOSSP ANDSSPS F S
6123-59150-0009,S TOSSSS
6123-59150-0030,THE THE SSSS THESSSCH FCH S
6123-59150-0026,SSSS TOCHS
6123-59150-0018,SSSCHS
6123-59150-0046,SCHSST
6123-59150-0007,THE S FS SSS
6123-59150-0013,SSSS THET FSSSS S TOSS
6123-59150-0035,FS THESSS TO TOTSSSSS SS BS PSS
6123-59150-0014,SSSS TOSPSPS
6123-59150-0038,THESER THESS SCHSSSSSS THES
6123-59150-0028,TSSSP SCHSS
6123-59150-0042,S S AND SSSSS
6123-59150-0017,S B SSSS TO PS
6123-59150-0045,SSSTSSSCHSCH
6123-59150-0036,THESCHSSS THESCHS
6123-59150-0022,SCHSS
6123-59150-0005,SS TO
6123-59150-0003,FS TO THESSS S SSSSDCHSSS
6123-59150-0012,CHCHSSS THESSCHTCHTS
6123-59150-0006,S TOS TOS
6123-59150-0008,SSS THES
6123-59150-0023,S
6123-59150-0037,SSTSSSSSPSS
6123-59150-0015,S PSPSSSS S
6123-59150-0032,SS THE THE S TOP ANDS ST
6123-59150-0004,TS
6123-59150-0016,S FCHSSS ST
6123-59150-0024,SSSSP
6123-59150-0033,STS THE
6123-59150-0027,SSSSSSSCHPS PSS S TOPS TOTCH TOSSSST THECH S SSSCH PS
6123-59150-0041,SPS THE
6123-59150-0039,THE THESSSS
6123-59150-0029,S TO TOSSSSS
6123-59150-0044,S T S TOCHS SSSS
6123-59150-0010,SSS
6123-59150-0040,SSSSCH
6123-59150-0002,SS
6123-59150-0043,SSSPSSS SCHEDS TOSTCH THESPS TOS THES
6123-59150-0001,CHSSSS
6123-59150-0011,F THESS THE S
6123-59150-0025,CHSSSSPSPSSP
6123-59150-0000,SSP TOS TOSS
6123-59150-0034,THE SS
6123-59150-0021,SS SSCHS TOSSP TO
6123-59150-0019,SSCHSS THESSS
6123-59150-0020,SSS
6123-59186-0002,SSSSCHS S SSS B P
6123-59186-0016,SSS
6123-59186-0040,TOS BDPS BS F PSS AND THES TOSS TO P
6123-59186-0023,AND TT F SS SST
6123-59186-0001,STS TSSSSSSSSSP
6123-59186-0009,CH TOSS
6123-59186-0014,ANDS ANDS SSS SHES TO ANDSCHSS TO FTIONSS TO
6123-59186-0000,STS
6123-59186-0021,AND SSS TSSS TOS SSS THES
6123-59186-0036,ANDS SPS
6123-59186-0028,CHSSSS
6123-59186-0026,CH S SSPSSCHSCHSSS SS P FTS THE S S
6123-59186-0018,TSS SSSS F TO THE SSCHS
6123-59186-0008,S SCH TOS THESSS
6123-59186-0003,SSSSSCHS
6123-59186-0013,S SSP THESSP PS THES
6123-59186-0035,SSSS TOP
6123-59186-0004,SS F THE
6123-59186-0024,CH FPSS SSCH
6123-59186-0012,SSPCHSS FSSTD S PS S TO SSS THE BS TTS
6123-59186-0019,THE SCHS BS TOS THESCH
6123-59186-0027,SSTSCH TOSCHSSS THE SSS S AND S THESSCH ANDSCH SSSS TOSSSSS
6123-59186-0038,SCHCHS ANDSCH TOS TOCHPCH
6123-59186-0010,SPCH
6123-59186-0006,SCHS TOSSSS
6123-59186-0039,S FS FSSSS THE
6123-59186-0022,SS TOTSPSS THE TO
6123-59186-0030,SSS THETS
6123-59186-0005,SCHS THES T TOS
6123-59186-0020,TO THESSSPS B SSSS F TO T
6123-59186-0015,SCH THESSCHS
6123-59186-0037,S B S SS
6123-59186-0031,SSCHSSS TOS
6123-59186-0033,F THESSS ANDSSCH TOCHSS THE
6123-59186-0011,ANDSTSS TOTSSSSSCH ANDS TO SSPST S THE
6123-59186-0025,SSSSP
6123-59186-0032,THES SS SCHSST
6123-59186-0029,SCHS F
6123-59186-0034,SCHSPS TO
6123-59186-0007,THE F PS TO SSSSP
6123-59186-0017,THES TO TO FS TOSSCH
116-288048-0001,SS
116-288048-0016,S
116-288048-0015,SS S
116-288048-0025,SHE S TOS THESFSCHSSSS ANDSSCH S
116-288048-0014,CHSSSS F
116-288048-0004,FCHSSS FS
116-288048-0000,SSCH THESSPSSSSS
116-288048-0010,SSS TOSS S
116-288048-0002,S SSCH SCH SSCH
116-288048-0021,SCHSCHS TS
116-288048-0023,CHSSSS F
116-288048-0029,SCH TOSSS SSCHSSS
116-288048-0011,SCH
116-288048-0028,THESSSCHSS
116-288048-0008,SSSCHSSSSS SSS
116-288048-0013,SSSS
116-288048-0031,SCH S
116-288048-0020,SS SS TO
116-288048-0019,SCH
116-288048-0027,S TOS SS
116-288048-0017,CHCHSSSS
116-288048-0003,S TOS SS TCHSS F SSSS S
116-288048-0012,CHS
116-288048-0032,SS SSS S
116-288048-0026,CH TOS
116-288048-0005,SS FSCHS THE TOS
116-288048-0024,SS THESCHSSPSCHCH
116-288048-0009,S TO TOCH THESCHSS
116-288048-0007,T TOS
116-288048-0006,SS FSCHS SSSSSSS SCHCHSCH SS
116-288048-0030,SS T S T
116-288048-0018,SSS TOSSSS FSPS TCHS
116-288048-0022,SCHS F SS TO S
116-288046-0003,SS S
116-288046-0009,CHCHS
116-288046-0010,SSS FS SS THECH T T
116-288046-0004,CHSSSSS S F
116-288046-0000,CHSSSS THES TS
116-288046-0007,T TSS S THE S
116-288046-0008,SS S TCHSSSS
116-288046-0001,S TCHSCH SSCHS
116-288046-0005,TIONSS S T
116-288046-0011,TO TS SCH S F BCHSSS FSS THES SCHSS
116-288046-0002,L S SSPCHS F
116-288046-0006,S S S
116-288045-0015,CH S S
116-288045-0031,CHCHSCH SSCH
116-288045-0001,S S S SCH B
116-288045-0024,S SCHS S
116-288045-0017,
116-288045-0013,SSS
116-288045-0009,S
116-288045-0025,SSSCH FSSCH
116-288045-0028,CHSSCH
116-288045-0022,SSCHSSCH SS T SS F SS THE S
116-288045-0008,SSCHSSSS
116-288045-0019,S
116-288045-0014,S
116-288045-0029,TOS SS T FS TO B THESSSSSSS
116-288045-0007,CH BPSSS
116-288045-0030,SS FS S
116-288045-0023,SCHSS
116-288045-0003,S F S FS
116-288045-0032,SS THES THE FCH
116-288045-0018,S S F
116-288045-0027,S
116-288045-0011,S S THE THES TO
116-288045-0016,HE TCHS F THES FCH S
116-288045-0002,SSS TOT SS S TOS TO
116-288045-0004,CH S
116-288045-0021,THESS THESSSSCH TO TSSSS
116-288045-0012,S TS
116-288045-0005,SS
116-288045-0010,S
116-288045-0020,S S
116-288045-0000,SCH S F TS S F TOSSS
116-288045-0026,SSSS T TO
116-288045-0006,SS
116-288047-0009,THE TOSCHCH TOSS THESS
116-288047-0005,SS TOS
116-288047-0020,S TOS
116-288047-0017,SS THECH
116-288047-0004,SS TCH S
116-288047-0000,SSSCH F
116-288047-0018,S SCH
116-288047-0011,FCHP
116-288047-0002,SSS
116-288047-0013,SS T
116-288047-0012,TOS SS TOSCH
116-288047-0019,SSSSS
116-288047-0003,S THESS TOCH TOSS SSSSCH
116-288047-0016,S THE TSS
116-288047-0008,SCHSS
116-288047-0014,S
116-288047-0021,S S SSSS
116-288047-0010,CHSS TOS SSS THES
116-288047-0015,SSS
116-288047-0001,THES F THECHSPCHSS THES
116-288047-0022,S TOSSSSSSSS SS TO S TO T THECHS THES
116-288047-0006,S
116-288047-0007,STION
1688-142285-0087,S SSS SSS
1688-142285-0079,BT
1688-142285-0092,S TOCHSSSS
1688-142285-0026,SSCHS
1688-142285-0000,THE S SSSSSSCH S TOSCH SCH
1688-142285-0010,SS THES FCHSSPSS
1688-142285-0043,SCH SS
1688-142285-0009,B THES
1688-142285-0091,SS SS SSTION
1688-142285-0056,SSSCH FS TO SSS
1688-142285-0053,TOSSST FCHSS
1688-142285-0060,SSS SSSS
1688-142285-0071,CHPSP
1688-142285-0006,S FS SCHSSSSS
1688-142285-0035,SS SSS SCH S THE S TOSCHS STS
1688-142285-0080,SSCHSS
1688-142285-0072,SSSSPS
1688-142285-0069,CH TOCHSERSS
1688-142285-0012,AND SPSS
1688-142285-0095,CHSSSSS SS
1688-142285-0058,SS
1688-142285-0005,SSSTIONSS
1688-142285-0075,SS
1688-142285-0052,SSSSPSSS TS S
1688-142285-0011,S SSCH SS THE TOS S SS SSSSCHSTION
1688-142285-0003,SSSSS S
1688-142285-0019,CHSSP
1688-142285-0084,S SSCHS S SS
1688-142285-0027,SSSSP
1688-142285-0034,SSSSSCH THEPPCHPS S TOSSCHCHERPSS
1688-142285-0036,SSCHSSSSSS TO
1688-142285-0039,S S S
1688-142285-0015,SSS
1688-142285-0067,T TOSS
1688-142285-0007,SS S THECHTIONS SPS ST
1688-142285-0022,CH SCHS SHES TOSSSCHCHSERCHSSS
1688-142285-0017,SS TOSSSCHCHS
1688-142285-0002,TS S
1688-142285-0055,SSS
1688-142285-0081,SS TOS SST AND S
1688-142285-0074,SPSPSSCHSS S
1688-142285-0063,PCH
1688-142285-0062,S
1688-142285-0037,S
1688-142285-0042,SS SS
1688-142285-0014,SSS
1688-142285-0004,SCHPS SS
1688-142285-0057,S S SCHS
1688-142285-0061,S
1688-142285-0016,T ANDSSS S
1688-142285-0076,S SS
1688-142285-0013,S THE SSSSSSSSS TOSSS
1688-142285-0033,SHECH SSSSS
1688-142285-0048,SRCH SSSMSCHSS
1688-142285-0008,TSSSS
1688-142285-0023,CH
1688-142285-0024,TCHSSSS TOPSS
1688-142285-0089,SCHCHSSS FS
1688-142285-0049,SPS SSS
1688-142285-0038,THES ANDSS
1688-142285-0064,SSSPSSCHSS THES
1688-142285-0054,CSSS
1688-142285-0050,S TOCHSSS
1688-142285-0028,THECH
1688-142285-0044,THE SCHSCH TO
1688-142285-0018,SSCHSS THEPSS THESSCH THES TO SCH
1688-142285-0066,TO THES
1688-142285-0032,THECHSSSSSSCHERCHSSCHS SCHCHP SSSSS S
1688-142285-0065,SCHS
1688-142285-0040,SSS TO SSSSSS TS B SSSS
1688-142285-0078,S TO
1688-142285-0093,SSSSSCH SSSCHS
1688-142285-0070,CHS S F
1688-142285-0041,BS S S THELERS
1688-142285-0030,SSCHSSSSS THECHSSSSSSSSSCHSTS
1688-142285-0059,THECHSS
1688-142285-0021,SSSCHS ANDSS
1688-142285-0083,CHS S TOS
1688-142285-0085,SSCHS
1688-142285-0086,S S TOS S
1688-142285-0073,S SSSCH TOSS TOS THESS S S
1688-142285-0047,THES S
1688-142285-0077,CHS
1688-142285-0031,SS THECHSSSSSSSSCHS TSCHSCHS SS S
1688-142285-0082,SSSS
1688-142285-0088,S SCHSS
1688-142285-0068,SSS S SPS THE
1688-142285-0025,INGS SSS
1688-142285-0051,SSSSSCH SSS
1688-142285-0001,ANDS TOSCHSSPSSPCHSSSS THESSSSPCHP
1688-142285-0029,THE S SSS S
1688-142285-0094,CHSSSS SSSSS S
1688-142285-0020,S SSSSS
1688-142285-0045,S S SS THECHT
1688-142285-0046,SS
1688-142285-0090,SSSCHPS FCHSS
6319-275224-0006,AND TOPP THE TO TO THESSP THEDS TO SSCHP P STPTS TOS TOP ST
6319-275224-0015,FTSTTSST TOPSPCHIS
6319-275224-0003,SP TOP THEPST TOT SSS TO SCHS
6319-275224-0014,SPS TOPSST PSCH TO PD F THETTT
6319-275224-0019,SP SS TCHP SP S
6319-275224-0005,THESCHSTSP SP BCHSSCHSCHSS
6319-275224-0010,P P THE FSSPS SD FLPSTSPCH
6319-275224-0001,FSPSCHST TO THESPP THESCHS SP
6319-275224-0016,SP TOSP
6319-275224-0020,S THEPTPING AND TODD THE SPTTS THES T SSP S FS
6319-275224-0008,THEP THESCHS THE PSSD P SCH THE THE SDST THE STP THECHSP S THESCHS TD TOSP
6319-275224-0007,P ST
6319-275224-0004,S TOSSCH TOS
6319-275224-0017,SST TOTCHSPPP
6319-275224-0000,CH F SSPT TO FS
6319-275224-0013,SSPS FT
6319-275224-0012,S
6319-275224-0018,S SCHSPST
6319-275224-0002,SS FSS PSSPS T
6319-275224-0011,AND TO S ST THE THE TOSP TS SS TOP TO THESCH FSSS THESCHPSPS THEPT
6319-275224-0009,FSSSCHS SCHSCHS
6319-64726-0003,S T T TO TOS
6319-64726-0011,SS THESS BS
6319-64726-0014,SS
6319-64726-0004,SCHS THEPSSSPCHST THESSS SSP S SHE TOCH THE TOT TO SSS S THESS
6319-64726-0002,THE TSECHER S THES THE F SS SR S THES THE
6319-64726-0020,CH TO SCH THES THE THE
6319-64726-0010,CHCH F S TOSCH THES
6319-64726-0017,CHPS THES THE SS THE THE
6319-64726-0015,TSERSSPS SSSS S
6319-64726-0016,S TOTS BT SSSSS T
6319-64726-0012,THE THE THE PS TO THE THEPS THE SS THES SS
6319-64726-0005,SHE SSER TOTSPSS SS TO THE F
6319-64726-0000,S THE BS TO SERS THEPSSSSS
6319-64726-0013,HESSCH SCHS S
6319-64726-0018,THESSSSP SS TOSPSP THE THE SCH TO SSSCHSSR T BT
6319-64726-0001,SARS S SS SSER SSS SS THESSDSS TO
6319-64726-0007,SSSS ANDCHSSSPST BRCH S THECHS B T FTS THE
6319-64726-0006,SDS
6319-64726-0008,THESSS SS F
6319-64726-0019,THESS THE THE SSSS THET SP TOSS THESCHPS TS
6319-64726-0009,S SSERSCH TS SSCH SCHS P S TOERS
6319-57405-0011,SD S
6319-57405-0004,TO SSPSS SS
6319-57405-0002,S SDSP S SSCH
6319-57405-0007,SCHS
6319-57405-0012,SSS SSPLSS SP
6319-57405-0005,THE TOS SSCHP SS SYS
6319-57405-0000,S TSSS THES SSPS
6319-57405-0001,SSPSSSS S TO SSSS THE
6319-57405-0010,CHS
6319-57405-0008,SSS S SS SPS FSERS FS THESS
6319-57405-0009,S TOSS THE THESER SSSSS TO THE S
6319-57405-0003,PSP SSP
6319-57405-0006,ST F TOPSSS
6455-67803-0002,SPD F SCHL BS S
6455-67803-0020,CHSCHS
6455-67803-0031,CHSCHSPPS S S
6455-67803-0018,SPP
6455-67803-0022,CHSSCH
6455-67803-0019,SS THE SHE PSS THES TO THES T SS
6455-67803-0016,CHCH STS SSSCH
6455-67803-0029,S S
6455-67803-0024,ICHSSERS
6455-67803-0008,S T THESS AND S SPSS SSSS
6455-67803-0009,ST SP
6455-67803-0028,S
6455-67803-0003,SSSS TO
6455-67803-0010,THE F TOSP S
6455-67803-0005,S THE S TO SSCH T
6455-67803-0032,S S TO
6455-67803-0027,S S TO
6455-67803-0001,TS FP THECH
6455-67803-0035,SHESS THE
6455-67803-0006,SHE THETSS FS
6455-67803-0021,ANDSD ANDS
6455-67803-0007,THECH S
6455-67803-0033,CH SSSST
6455-67803-0012,SSPS
6455-67803-0036,THESPTINGSS
6455-67803-0011,P
6455-67803-0025,B FPT
6455-67803-0015,CHSD
6455-67803-0026,SSPP
6455-67803-0034,S B TOCHSCHSCH
6455-67803-0004,LS TCHCH S
6455-67803-0000,S T THE
6455-67803-0014,SHE BDCHS ST SS FP
6455-67803-0017,DPCH
6455-67803-0013,THESCHSSCH
6455-67803-0023,SS ANDSS
6455-67803-0030,SPSCHSCHS PPS THECHCH
6455-66379-0015,SL SCH SS FS TOSCHS
6455-66379-0013,SSDCH
6455-66379-0005,SL
6455-66379-0018,S THEPSS
6455-66379-0010,SS FSSS
6455-66379-0008,SSS FCHPSSS OF TOS
6455-66379-0003,TIONSSSP SSS
6455-66379-0014,SSP SS
6455-66379-0009,S TOSCH
6455-66379-0007,PL THE S SS THE PSLS S SPPS
6455-66379-0019,S SS
6455-66379-0001,S TP S
6455-66379-0011,S
6455-66379-0016,CHSSSSST
6455-66379-0006,STLS SD TO TO FD
6455-66379-0002,SSP S SYTCH HEPSINGDPL
6455-66379-0017,Y FDCHSS ANDLSCH SCH
6455-66379-0004,SLS THESLSS THE
6455-66379-0012,S TOS THES S
6455-66379-0000,S
6455-67804-0018,SINGS SCH P
6455-67804-0038,FT
6455-67804-0016,S SSPSTS
6455-67804-0017,SS FCHS TO
6455-67804-0009,PSP
6455-67804-0020,SS TOS
6455-67804-0026,TS SCHSSCHS
6455-67804-0031,S SING FS P
6455-67804-0032,THECHS B
6455-67804-0007,CH F
6455-67804-0006,THEL S
6455-67804-0019,THESS
6455-67804-0029,SS B FSPDS SPS
6455-67804-0000,TOSSSS TOCHYSSPS BT
6455-67804-0021,SHES S S THEPL B THE SSPP
6455-67804-0039,CH THE THESS
6455-67804-0040,S PL S F
6455-67804-0034,DSS
6455-67804-0014,AND TOSCHT
6455-67804-0027,S THES FSCHSSS
6455-67804-0008,SP S
6455-67804-0028,SSSPSINGPSP
6455-67804-0011,F THECH
6455-67804-0035,CHSPS B TO SSCHCH
6455-67804-0023,SL BSSCHS SS FSS THE
6455-67804-0012,FTSS
6455-67804-0037,SCHSCHT S THESP
6455-67804-0036,S BSSCHS SINGSL
6455-67804-0015,FSS
6455-67804-0024,THE SSLPSSPT THESTS B S FS
6455-67804-0002,S FS THE THESP
6455-67804-0003,CHSS S
6455-67804-0022,SSCH THE SS STS TO THEPT TOTS SS FSSSL
6455-67804-0033,AND SP S
6455-67804-0025,THESSSSP
6455-67804-0013,SS TO THE TCHS
6455-67804-0005,FSSCHCHD THES FCH
6455-67804-0001,TOSCHS TOT
6455-67804-0010,SS BCH S BS
6455-67804-0004,FSSCH THES F
6455-67804-0030,S THEINGSSSSS SS
1993-147964-0010,TO SSS THES SHEP F SCHSSPS S SSS SSPSSCHSS TTPS
1993-147964-0007,S TO FSSCHSCHSP
1993-147964-0002,SSCHSP TOS TO
1993-147964-0004,TOS SSSSSCH BCH
1993-147964-0005,TO SS THE SS STSPSPCHLSPSCH
1993-147964-0001,SSSP SS
1993-147964-0000,SSS TOSS SDSSSS PCHS
1993-147964-0008,TSRSCH S SSS
1993-147964-0009,FSSEDS SS SS TO TO
1993-147964-0003,SHESSPS SSCHPT
1993-147964-0006,TOT TO
1993-147149-0012,S BSTCHPS
1993-147149-0014,S BSSS
1993-147149-0016,SCHSTCH ST
1993-147149-0010,SS TO
1993-147149-0005,CHSTSSTS TOTS TOS
1993-147149-0008,SS
1993-147149-0030,SSSCHSSTTSS TOSS
1993-147149-0002,STTS
1993-147149-0007,SS THESSSS
1993-147149-0026,
1993-147149-0021,S TOSSSP TOSSS
1993-147149-0015,SSTSSSPPSSCH
1993-147149-0000,THEP SSCHCHS
1993-147149-0011,TOSS
1993-147149-0013,S TOSST
1993-147149-0020,SSTSSTSCHSSPS TO TOSSS THES
1993-147149-0001,SSSSSS TO
1993-147149-0029,SSPSS TOS TOEDSSST TOST
1993-147149-0024,SSSSST TOCHSSCHCHSSSSTS TO
1993-147149-0006,EDSSSSSS STSS SCHS TO TOTS TOTSS TOST TOTSS TOSSSS
1993-147149-0017,EDS TOSS
1993-147149-0018,SS TOSCHSS STSPTSSSSS TOS
1993-147149-0027,S TOPCHSSCHS TOS THESS THE TOSSSSTS
1993-147149-0025,SCHSDSSSSS TO
1993-147149-0009,THE ANDSSSSSSSTSSSSSSSSS
1993-147149-0003,THESS TOS TOSSS TOPS THES S TOSS
1993-147149-0023,SS THES TO TOS TOSS TOPS
1993-147149-0019,TCHSCH THE SSP
1993-147149-0028,THE TOSSSDSCHSCH
1993-147149-0004,SSSSS THESSSS
1993-147149-0022,SS TOS TOCHSCH TOTSPSTCH SS THES TOTT THETPTSTT
1993-147965-0007,S SS BPA SPPS
1993-147965-0000,CHS STS
1993-147965-0005,TS THESSCHSSPS S
1993-147965-0004,T S
1993-147965-0003,S SSSCHS TOS
1993-147965-0001,PSTION
1993-147965-0008,SSS TOT
1993-147965-0002,TOSS THEPSSCHSCHSCHPSS
1993-147965-0006,S SCHPS SSS THETCHS TOS
1993-147966-0002,SSS
1993-147966-0005,TOPCHSS
1993-147966-0006,SSS ST
1993-147966-0000,SSR FS TOSSSPSS S TS THEP
1993-147966-0004,SSCHS
1993-147966-0003,FS
1993-147966-0001,SCHS TOSCH TOSCH SSSS TO TOS TO
6241-61946-0019,THEDPSCHT
6241-61946-0022,SCHSSSCH THES TOPSS
6241-61946-0004,FEDPSSS FSCH SHECH B
6241-61946-0008,AND SSP W BD
6241-61946-0014,SS SCHSS ANDCH
6241-61946-0018,CHSPS TO TO TOSS
6241-61946-0006,LS TO SS OF THESSSYP SS S
6241-61946-0021,SS FD TOSSCH
6241-61946-0015,TION TOSLP SS FD
6241-61946-0000,THEST F THE S BCHT
6241-61946-0016,SSS THESSS THES
6241-61946-0007,S THES THETSSSSPSLS
6241-61946-0011,SS F SS TO BS THE TOS THE TOSSD THESS
6241-61946-0020,S S THESSSS TOSSTS THE THE FSLYSF THESPSSP SS
6241-61946-0023,THES TO BES FL FS BPSPTION
6241-61946-0009,TO THEDTSSP SS
6241-61946-0017,SLP BS S S
6241-61946-0001,S TED BS SP S
6241-61946-0012,SRSSS
6241-61946-0003,HES THE TOSPSS SLTSCHSD SSS
6241-61946-0005,THES S THECH
6241-61946-0013,THES TOS TOPCHSS THESSSCHCHSSST TOS
6241-61946-0010,THES
6241-61946-0002,CHSD TODDPS P
6241-66616-0020,S B PSS
6241-66616-0004,FST FSSSPSPS
6241-66616-0011,S THECHTION THEPS SS THECHTCPSS FSS
6241-66616-0003,T TOS ANDSRPSERTS
6241-66616-0009,SS FSSSS S SSSSST
6241-66616-0022,SCHERS THE ANDP TOSERS
6241-66616-0017,SS THE FSCHSCHS
6241-66616-0023,SER THE THE
6241-66616-0021,SSP THE SEDRS
6241-66616-0005,F TO SCHSSCHPSCH SS TOSS TOS STCHS
6241-66616-0002,TS SSS S
6241-66616-0013,ANDSSSSSS THESS
6241-66616-0000,S SS FSLSPERSSPSPS THECH
6241-66616-0001,THE THESS T FPS S THECHSS
6241-66616-0019,SS THESSP THES TO TOS
6241-66616-0025,THESSSPTION THE TOSSS SS TOS
6241-66616-0024,CH TOSSSCH
6241-66616-0014,THESS S THESDSSPST BSSSERSS
6241-66616-0010,SSCHSS THE THESPT THESSP TOLSCH
6241-66616-0007,ERSSSSSL
6241-66616-0006,CHPSP SPS
6241-66616-0015,CH TOSS THESSSS
6241-66616-0008,S THE THES TOSS TOCHLSD THE SSS SSCH BSCHSS FS
6241-66616-0012,CHSSSPS THE TOSS TO THE TO TO ANDSSDS
6241-66616-0016,S SSSS
6241-66616-0018,THEL ANDPSS TO TOT TOSSSS
6241-61943-0001,THES SSS SS
6241-61943-0024,SS THESSRDSPS THEPSS
6241-61943-0019,TO THE TOS
6241-61943-0014,S THE S SST THE THE THE TP
6241-61943-0000,STSCHSSPCHL
6241-61943-0008,S SPS T THESL W SPER ANDL
6241-61943-0025,SSRSSSSSS TOSS
6241-61943-0002,AND F
6241-61943-0017,RSSSL TOSS F
6241-61943-0021,S THET S
6241-61943-0016,S SSPP TO SPS S
6241-61943-0020,DSSSS SP BS
6241-61943-0012,THE FSSSERSS SS BS
6241-61943-0015,S
6241-61943-0007,S FS
6241-61943-0005,FS THESSS THE FBS TO
6241-61943-0006,FSCH F TO
6241-61943-0009,TTS S FSST
6241-61943-0010,ST SCHSPSTIONS
6241-61943-0011,LPS THE TOSS SS
6241-61943-0023,THE TOD SF SCHS
6241-61943-0013,THE FPS F TSS F SS SP TOS
6241-61943-0027,THE BSPCHSSPS SSSLSSSCH SSS SCHS THET F THES THE SL
6241-61943-0004,LS TSCHS
6241-61943-0026,SLSSSTION P THESSS OFS THESPLSS
6241-61943-0018,SPSSS FSLS
6241-61943-0022,THEST
6241-61943-0003,ANDS SS AND SSS FSPSP FT
